State	$	IDENTIFIER	'('	')'	VOID	CHAR	INT	FLOAT	'*'	'['	']'	comma	'{'	'}'	';'	'='	IF	ELSE	WHILE	FOR	CONTINUE	BREAK	RETURN	assignment_operator	'?'	':'	OR_OP	AND_OP	'	'^'	'&'	EQ_OP	NE_OP	'<'	'>'	LE_OP	GE_OP	'+'	'-'	'/'	'%'	type_name	INC_OP	DEC_OP	unary_operator	SIZEOF	'.'	PTR_OP	CONSTANT	STRING_LITERAL	program	external_declaration	function_definition	type_specifier	declarator	pointer	direct_declarator	identifier_list	constant_expression	parameter_list	parameter_declaration	compound_statement	declaration_list	declaration	statement_list	statement	expression_statement	selection_statement	iteration_statement	jump_statement	expression	assignment_expression	conditional_expression	logical_or_expression	logical_and_expression	inclusive_or_expression	exclusive_or_expression	and_expression	equality_expression	relational_expression	additive_expression	multiplicative_expression	cast_expression	unary_expression	postfix_expression	primary_expression	argument_expression_list	
0	err	err	err	err	s7	s5	s6	s11	s8	err	err	err	err	err	err	err	err	err	err	err	err	err	err	err	err	err	err	err	err	err	err	err	err	err	err	err	err	err	err	err	err	err	err	err	err	err	err	err	err	err	1	10	9	13	12	3	2	err	err	err	err	err	err	4	err	err	err	err	err	err	err	err	err	err	err	err	err	err	err	err	err	err	err	err	err	err	err	
1	acc	err	err	err	s7	s5	s6	s11	s8	err	err	err	err	err	err	err	err	err	err	err	err	err	err	err	err	err	err	err	err	err	err	err	err	err	err	err	err	err	err	err	err	err	err	err	err	err	err	err	err	err	err	14	9	13	12	3	2	err	err	err	err	err	err	4	err	err	err	err	err	err	err	err	err	err	err	err	err	err	err	err	err	err	err	err	err	err	err	
2	err	err	err	err	err	err	err	err	err	s15	err	s16	err	err	r10	r10	err	err	err	err	err	err	err	err	err	err	err	err	err	err	err	err	err	err	err	err	err	err	err	err	err	err	err	err	err	err	err	err	err	err	err	err	err	err	err	err	err	err	err	err	err	err	err	err	err	err	err	err	err	err	err	err	err	err	err	err	err	err	err	err	err	err	err	err	err	err	err	
3	err	err	err	err	s7	s5	s6	s11	err	err	err	err	err	err	err	err	err	err	err	err	err	err	err	err	err	err	err	err	err	err	err	err	err	err	err	err	err	err	err	err	err	err	err	err	err	err	err	err	err	err	err	err	err	18	err	err	17	err	err	err	err	err	err	err	err	err	err	err	err	err	err	err	err	err	err	err	err	err	err	err	err	err	err	err	err	err	err	
4	r3	err	err	err	r3	r3	r3	r3	r3	err	err	err	err	err	err	err	err	err	err	err	err	err	err	err	err	err	err	err	err	err	err	err	err	err	err	err	err	err	err	err	err	err	err	err	err	err	err	err	err	err	err	err	err	err	err	err	err	err	err	err	err	err	err	err	err	err	err	err	err	err	err	err	err	err	err	err	err	err	err	err	err	err	err	err	err	err	err	
5	err	r6	err	err	err	err	err	err	err	err	err	err	err	err	err	err	err	err	err	err	err	err	err	err	err	err	err	err	err	err	err	err	err	err	err	err	err	err	err	err	err	err	err	err	err	err	err	err	err	err	err	err	err	err	err	err	err	err	err	err	err	err	err	err	err	err	err	err	err	err	err	err	err	err	err	err	err	err	err	err	err	err	err	err	err	err	err	
6	err	r7	err	err	err	err	err	err	err	err	err	err	err	err	err	err	err	err	err	err	err	err	err	err	err	err	err	err	err	err	err	err	err	err	err	err	err	err	err	err	err	err	err	err	err	err	err	err	err	err	err	err	err	err	err	err	err	err	err	err	err	err	err	err	err	err	err	err	err	err	err	err	err	err	err	err	err	err	err	err	err	err	err	err	err	err	err	
7	err	r5	err	err	err	err	err	err	err	err	err	err	err	err	err	err	err	err	err	err	err	err	err	err	err	err	err	err	err	err	err	err	err	err	err	err	err	err	err	err	err	err	err	err	err	err	err	err	err	err	err	err	err	err	err	err	err	err	err	err	err	err	err	err	err	err	err	err	err	err	err	err	err	err	err	err	err	err	err	err	err	err	err	err	err	err	err	
8	err	err	err	err	r11	r11	r11	r11	s8	err	err	err	err	err	err	err	err	err	err	err	err	err	err	err	err	err	err	err	err	err	err	err	err	err	err	err	err	err	err	err	err	err	err	err	err	err	err	err	err	err	err	err	err	err	err	19	err	err	err	err	err	err	err	err	err	err	err	err	err	err	err	err	err	err	err	err	err	err	err	err	err	err	err	err	err	err	err	
9	r2	err	err	err	r2	r2	r2	r2	r2	err	err	err	err	err	err	err	err	err	err	err	err	err	err	err	err	err	err	err	err	err	err	err	err	err	err	err	err	err	err	err	err	err	err	err	err	err	err	err	err	err	err	err	err	err	err	err	err	err	err	err	err	err	err	err	err	err	err	err	err	err	err	err	err	err	err	err	err	err	err	err	err	err	err	err	err	err	err	
10	r0	err	err	err	r0	r0	r0	r0	r0	err	err	err	err	err	err	err	err	err	err	err	err	err	err	err	err	err	err	err	err	err	err	err	err	err	err	err	err	err	err	err	err	err	err	err	err	err	err	err	err	err	err	err	err	err	err	err	err	err	err	err	err	err	err	err	err	err	err	err	err	err	err	err	err	err	err	err	err	err	err	err	err	err	err	err	err	err	err	
11	err	r8	err	err	err	err	err	err	err	err	err	err	err	err	err	err	err	err	err	err	err	err	err	err	err	err	err	err	err	err	err	err	err	err	err	err	err	err	err	err	err	err	err	err	err	err	err	err	err	err	err	err	err	err	err	err	err	err	err	err	err	err	err	err	err	err	err	err	err	err	err	err	err	err	err	err	err	err	err	err	err	err	err	err	err	err	err	
12	err	err	err	err	err	err	err	err	err	err	err	err	err	err	s20	s21	err	err	err	err	err	err	err	err	err	err	err	err	err	err	err	err	err	err	err	err	err	err	err	err	err	err	err	err	err	err	err	err	err	err	err	err	err	err	err	err	err	err	err	err	err	err	err	err	err	err	err	err	err	err	err	err	err	err	err	err	err	err	err	err	err	err	err	err	err	err	err	
13	err	s22	err	err	err	err	err	err	err	err	err	err	err	err	err	err	err	err	err	err	err	err	err	err	err	err	err	err	err	err	err	err	err	err	err	err	err	err	err	err	err	err	err	err	err	err	err	err	err	err	err	err	err	err	err	err	err	err	err	err	err	err	err	err	err	err	err	err	err	err	err	err	err	err	err	err	err	err	err	err	err	err	err	err	err	err	err	
14	r1	err	err	err	r1	r1	r1	r1	r1	err	err	err	err	err	err	err	err	err	err	err	err	err	err	err	err	err	err	err	err	err	err	err	err	err	err	err	err	err	err	err	err	err	err	err	err	err	err	err	err	err	err	err	err	err	err	err	err	err	err	err	err	err	err	err	err	err	err	err	err	err	err	err	err	err	err	err	err	err	err	err	err	err	err	err	err	err	err	
15	err	s28	s34	err	err	err	err	err	err	err	s25	err	err	err	err	err	err	err	err	err	err	err	err	err	err	err	err	err	err	err	err	err	err	err	err	err	err	err	err	err	err	err	s35	s31	s27	s46	err	err	s44	s45	err	err	err	err	err	err	err	err	30	err	err	err	err	err	err	err	err	err	err	err	err	err	39	40	37	23	36	41	26	33	29	38	42	32	101	43	err	
16	err	s48	err	err	err	err	err	err	err	err	err	err	err	err	err	err	err	err	err	err	err	err	err	err	err	err	err	err	err	err	err	err	err	err	err	err	err	err	err	err	err	err	err	err	err	err	err	err	err	err	err	err	err	err	err	err	err	47	err	err	err	err	err	err	err	err	err	err	err	err	err	err	err	err	err	err	err	err	err	err	err	err	err	err	err	err	err	
17	err	err	err	err	err	err	err	err	err	s15	err	s16	err	err	r9	r9	err	err	err	err	err	err	err	err	err	err	err	err	err	err	err	err	err	err	err	err	err	err	err	err	err	err	err	err	err	err	err	err	err	err	err	err	err	err	err	err	err	err	err	err	err	err	err	err	err	err	err	err	err	err	err	err	err	err	err	err	err	err	err	err	err	err	err	err	err	err	err	
18	err	s49	err	err	err	err	err	err	err	err	err	err	err	err	err	err	err	err	err	err	err	err	err	err	err	err	err	err	err	err	err	err	err	err	err	err	err	err	err	err	err	err	err	err	err	err	err	err	err	err	err	err	err	err	err	err	err	err	err	err	err	err	err	err	err	err	err	err	err	err	err	err	err	err	err	err	err	err	err	err	err	err	err	err	err	err	err	
19	err	err	err	err	r12	r12	r12	r12	err	err	err	err	err	err	err	err	err	err	err	err	err	err	err	err	err	err	err	err	err	err	err	err	err	err	err	err	err	err	err	err	err	err	err	err	err	err	err	err	err	err	err	err	err	err	err	err	err	err	err	err	err	err	err	err	err	err	err	err	err	err	err	err	err	err	err	err	err	err	err	err	err	err	err	err	err	err	err	
20	r29	r29	r29	err	r29	r29	r29	r29	r29	err	err	err	r29	err	r29	err	r29	err	r29	r29	r29	r29	r29	err	err	err	err	err	err	err	err	err	err	err	err	err	err	err	err	err	err	err	r29	r29	r29	r29	err	err	r29	r29	err	err	err	err	err	err	err	err	err	err	err	err	err	err	err	err	err	err	err	err	err	err	err	err	err	err	err	err	err	err	err	err	err	err	err	err	err	
21	err	s28	s34	err	err	err	err	err	err	err	err	err	err	err	err	err	err	err	err	err	err	err	err	err	err	err	err	err	err	err	err	err	err	err	err	err	err	err	err	err	err	err	s35	s31	s27	s46	err	err	s44	s45	err	err	err	err	err	err	err	err	err	err	err	err	err	err	err	err	err	err	err	err	err	50	52	40	37	23	36	41	26	33	29	38	42	51	101	43	err	
22	err	err	s53	err	err	err	err	err	err	r13	err	r13	err	err	r13	r13	err	err	err	err	err	err	err	err	err	err	err	err	err	err	err	err	err	err	err	err	err	err	err	err	err	err	err	err	err	err	err	err	err	err	err	err	err	err	err	err	err	err	err	err	err	err	err	err	err	err	err	err	err	err	err	err	err	err	err	err	err	err	err	err	err	err	err	err	err	err	err	
23	err	err	err	r57	err	err	err	err	err	err	r57	r57	err	err	r57	err	err	err	err	err	err	err	err	err	r57	r57	r57	r57	s54	err	err	err	err	err	err	err	err	err	err	err	err	err	err	err	err	err	err	err	err	err	err	err	err	err	err	err	err	err	err	err	err	err	err	err	err	err	err	err	err	err	err	err	err	err	err	err	err	err	err	err	err	err	err	err	err	err	err	
24	err	err	s56	err	err	err	err	err	err	s59	err	err	err	err	err	err	err	err	err	err	err	err	err	err	err	err	err	err	err	err	err	err	err	err	err	err	err	err	err	err	err	err	s57	s60	err	err	s55	s58	err	err	err	err	err	err	err	err	err	err	err	err	err	err	err	err	err	err	err	err	err	err	err	err	err	err	err	err	err	err	err	err	err	err	err	err	err	err	err	
25	err	err	err	err	err	err	err	err	err	r14	err	r14	err	err	r14	r14	err	err	err	err	err	err	err	err	err	err	err	err	err	err	err	err	err	err	err	err	err	err	err	err	err	err	err	err	err	err	err	err	err	err	err	err	err	err	err	err	err	err	err	err	err	err	err	err	err	err	err	err	err	err	err	err	err	err	err	err	err	err	err	err	err	err	err	err	err	err	err	
26	err	err	err	r63	err	err	err	err	err	err	r63	r63	err	err	r63	err	err	err	err	err	err	err	err	err	r63	r63	r63	r63	r63	r63	r63	s62	s61	err	err	err	err	err	err	err	err	err	err	err	err	err	err	err	err	err	err	err	err	err	err	err	err	err	err	err	err	err	err	err	err	err	err	err	err	err	err	err	err	err	err	err	err	err	err	err	err	err	err	err	err	err	err	
27	err	s28	s34	err	err	err	err	err	err	err	err	err	err	err	err	err	err	err	err	err	err	err	err	err	err	err	err	err	err	err	err	err	err	err	err	err	err	err	err	err	err	err	s35	s31	s27	s46	err	err	s44	s45	err	err	err	err	err	err	err	err	err	err	err	err	err	err	err	err	err	err	err	err	err	err	err	err	err	err	err	err	err	err	err	err	64	32	101	43	err	
28	err	err	r96	r96	err	err	err	err	r96	r96	r96	r96	err	err	r96	err	err	err	err	err	err	err	err	r96	r96	r96	r96	r96	r96	r96	r96	r96	r96	r96	r96	r96	r96	r96	r96	r96	r96	err	r96	r96	err	err	r96	r96	err	err	err	err	err	err	err	err	err	err	err	err	err	err	err	err	err	err	err	err	err	err	err	err	err	err	err	err	err	err	err	err	err	err	err	err	err	err	err	
29	err	err	err	r68	err	err	err	err	err	err	r68	r68	err	err	r68	err	err	err	err	err	err	err	err	err	r68	r68	r68	r68	r68	r68	r68	r68	r68	r68	r68	r68	r68	s66	s65	err	err	err	err	err	err	err	err	err	err	err	err	err	err	err	err	err	err	err	err	err	err	err	err	err	err	err	err	err	err	err	err	err	err	err	err	err	err	err	err	err	err	err	err	err	err	err	err	
30	err	err	err	err	err	err	err	err	err	err	s67	err	err	err	err	err	err	err	err	err	err	err	err	err	err	err	err	err	err	err	err	err	err	err	err	err	err	err	err	err	err	err	err	err	err	err	err	err	err	err	err	err	err	err	err	err	err	err	err	err	err	err	err	err	err	err	err	err	err	err	err	err	err	err	err	err	err	err	err	err	err	err	err	err	err	err	err	
31	err	s28	s69	err	err	err	err	err	err	err	err	err	err	err	err	err	err	err	err	err	err	err	err	err	err	err	err	err	err	err	err	err	err	err	err	err	err	err	err	err	err	err	s35	s31	s27	s46	err	err	s44	s45	err	err	err	err	err	err	err	err	err	err	err	err	err	err	err	err	err	err	err	err	err	err	err	err	err	err	err	err	err	err	err	err	err	68	101	43	err	
32	err	err	err	r80	err	err	err	err	r80	err	r80	r80	err	err	r80	err	err	err	err	err	err	err	err	r80	r80	r80	r80	r80	r80	r80	r80	r80	r80	r80	r80	r80	r80	r80	r80	r80	r80	err	err	err	err	err	err	err	err	err	err	err	err	err	err	err	err	err	err	err	err	err	err	err	err	err	err	err	err	err	err	err	err	err	err	err	err	err	err	err	err	err	err	err	err	err	err	
33	err	err	err	r65	err	err	err	err	err	err	r65	r65	err	err	r65	err	err	err	err	err	err	err	err	err	r65	r65	r65	r65	r65	r65	r65	r65	r65	s73	s72	s70	s71	err	err	err	err	err	err	err	err	err	err	err	err	err	err	err	err	err	err	err	err	err	err	err	err	err	err	err	err	err	err	err	err	err	err	err	err	err	err	err	err	err	err	err	err	err	err	err	err	err	err	
34	err	s28	s34	err	err	err	err	err	err	err	err	err	err	err	err	err	err	err	err	err	err	err	err	err	err	err	err	err	err	err	err	err	err	err	err	err	err	err	err	err	err	s76	s35	s31	s27	s46	err	err	s44	s45	err	err	err	err	err	err	err	err	err	err	err	err	err	err	err	err	err	err	err	err	74	75	52	40	37	23	36	41	26	33	29	38	42	51	101	43	err	
35	err	s28	s69	err	err	err	err	err	err	err	err	err	err	err	err	err	err	err	err	err	err	err	err	err	err	err	err	err	err	err	err	err	err	err	err	err	err	err	err	err	err	err	s35	s31	s27	s46	err	err	s44	s45	err	err	err	err	err	err	err	err	err	err	err	err	err	err	err	err	err	err	err	err	err	err	err	err	err	err	err	err	err	err	err	err	err	77	101	43	err	
36	err	err	err	r59	err	err	err	err	err	err	r59	r59	err	err	r59	err	err	err	err	err	err	err	err	err	r59	r59	r59	r59	r59	s78	err	err	err	err	err	err	err	err	err	err	err	err	err	err	err	err	err	err	err	err	err	err	err	err	err	err	err	err	err	err	err	err	err	err	err	err	err	err	err	err	err	err	err	err	err	err	err	err	err	err	err	err	err	err	err	err	err	
37	err	err	err	r55	err	err	err	err	err	err	r55	r55	err	err	r55	err	err	err	err	err	err	err	err	err	r55	r55	r55	s79	err	err	err	err	err	err	err	err	err	err	err	err	err	err	err	err	err	err	err	err	err	err	err	err	err	err	err	err	err	err	err	err	err	err	err	err	err	err	err	err	err	err	err	err	err	err	err	err	err	err	err	err	err	err	err	err	err	err	err	
38	err	err	err	r73	err	err	err	err	s80	err	r73	r73	err	err	r73	err	err	err	err	err	err	err	err	err	r73	r73	r73	r73	r73	r73	r73	r73	r73	r73	r73	r73	r73	r73	r73	s82	s81	err	err	err	err	err	err	err	err	err	err	err	err	err	err	err	err	err	err	err	err	err	err	err	err	err	err	err	err	err	err	err	err	err	err	err	err	err	err	err	err	err	err	err	err	err	err	
39	err	err	err	err	err	err	err	err	err	err	r19	err	err	err	err	err	err	err	err	err	err	err	err	err	err	err	err	err	err	err	err	err	err	err	err	err	err	err	err	err	err	err	err	err	err	err	err	err	err	err	err	err	err	err	err	err	err	err	err	err	err	err	err	err	err	err	err	err	err	err	err	err	err	err	err	err	err	err	err	err	err	err	err	err	err	err	err	
40	err	err	err	r53	err	err	err	err	err	err	r53	r53	err	err	r53	err	err	err	err	err	err	err	err	err	s83	r53	s84	err	err	err	err	err	err	err	err	err	err	err	err	err	err	err	err	err	err	err	err	err	err	err	err	err	err	err	err	err	err	err	err	err	err	err	err	err	err	err	err	err	err	err	err	err	err	err	err	err	err	err	err	err	err	err	err	err	err	err	err	
41	err	err	err	r61	err	err	err	err	err	err	r61	r61	err	err	r61	err	err	err	err	err	err	err	err	err	r61	r61	r61	r61	r61	r61	s85	err	err	err	err	err	err	err	err	err	err	err	err	err	err	err	err	err	err	err	err	err	err	err	err	err	err	err	err	err	err	err	err	err	err	err	err	err	err	err	err	err	err	err	err	err	err	err	err	err	err	err	err	err	err	err	err	
42	err	err	err	r76	err	err	err	err	r76	err	r76	r76	err	err	r76	err	err	err	err	err	err	err	err	err	r76	r76	r76	r76	r76	r76	r76	r76	r76	r76	r76	r76	r76	r76	r76	r76	r76	err	err	err	err	err	err	err	err	err	err	err	err	err	err	err	err	err	err	err	err	err	err	err	err	err	err	err	err	err	err	err	err	err	err	err	err	err	err	err	err	err	err	err	err	err	err	
43	err	err	r88	r88	err	err	err	err	r88	r88	r88	r88	err	err	r88	err	err	err	err	err	err	err	err	r88	r88	r88	r88	r88	r88	r88	r88	r88	r88	r88	r88	r88	r88	r88	r88	r88	r88	err	r88	r88	err	err	r88	r88	err	err	err	err	err	err	err	err	err	err	err	err	err	err	err	err	err	err	err	err	err	err	err	err	err	err	err	err	err	err	err	err	err	err	err	err	err	err	err	
44	err	err	r97	r97	err	err	err	err	r97	r97	r97	r97	err	err	r97	err	err	err	err	err	err	err	err	r97	r97	r97	r97	r97	r97	r97	r97	r97	r97	r97	r97	r97	r97	r97	r97	r97	r97	err	r97	r97	err	err	r97	r97	err	err	err	err	err	err	err	err	err	err	err	err	err	err	err	err	err	err	err	err	err	err	err	err	err	err	err	err	err	err	err	err	err	err	err	err	err	err	err	
45	err	err	r98	r98	err	err	err	err	r98	r98	r98	r98	err	err	r98	err	err	err	err	err	err	err	err	r98	r98	r98	r98	r98	r98	r98	r98	r98	r98	r98	r98	r98	r98	r98	r98	r98	r98	err	r98	r98	err	err	r98	r98	err	err	err	err	err	err	err	err	err	err	err	err	err	err	err	err	err	err	err	err	err	err	err	err	err	err	err	err	err	err	err	err	err	err	err	err	err	err	err	
46	err	s28	s87	err	err	err	err	err	err	err	err	err	err	err	err	err	err	err	err	err	err	err	err	err	err	err	err	err	err	err	err	err	err	err	err	err	err	err	err	err	err	err	s35	s31	s27	s46	err	err	s44	s45	err	err	err	err	err	err	err	err	err	err	err	err	err	err	err	err	err	err	err	err	err	err	err	err	err	err	err	err	err	err	err	err	err	86	101	43	err	
47	err	err	err	err	err	err	err	err	err	r16	err	r16	err	err	r16	r16	err	err	err	err	err	err	err	err	err	err	err	err	err	err	err	err	err	err	err	err	err	err	err	err	err	err	err	err	err	err	err	err	err	err	err	err	err	err	err	err	err	err	err	err	err	err	err	err	err	err	err	err	err	err	err	err	err	err	err	err	err	err	err	err	err	err	err	err	err	err	err	
48	err	err	err	err	err	err	err	err	err	r17	err	r17	err	err	r17	r17	err	err	err	err	err	err	err	err	err	err	err	err	err	err	err	err	err	err	err	err	err	err	err	err	err	err	err	err	err	err	err	err	err	err	err	err	err	err	err	err	err	err	err	err	err	err	err	err	err	err	err	err	err	err	err	err	err	err	err	err	err	err	err	err	err	err	err	err	err	err	err	
49	err	err	err	err	err	err	err	err	err	r13	err	r13	err	err	r13	r13	err	err	err	err	err	err	err	err	err	err	err	err	err	err	err	err	err	err	err	err	err	err	err	err	err	err	err	err	err	err	err	err	err	err	err	err	err	err	err	err	err	err	err	err	err	err	err	err	err	err	err	err	err	err	err	err	err	err	err	err	err	err	err	err	err	err	err	err	err	err	err	
50	err	err	err	err	err	err	err	err	err	err	err	err	err	err	s89	err	err	err	err	err	err	err	err	err	err	err	err	err	err	err	err	err	err	err	err	err	err	err	err	err	err	err	err	err	err	err	err	err	err	err	err	err	err	err	err	err	err	err	err	err	err	err	err	err	err	err	err	err	err	err	err	err	err	err	err	err	err	err	err	err	err	err	err	err	err	err	err	
51	err	err	err	r80	err	err	err	err	r80	err	r80	r80	err	err	r80	err	err	err	err	err	err	err	err	s90	r80	r80	r80	r80	r80	r80	r80	r80	r80	r80	r80	r80	r80	r80	r80	r80	r80	err	err	err	err	err	err	err	err	err	err	err	err	err	err	err	err	err	err	err	err	err	err	err	err	err	err	err	err	err	err	err	err	err	err	err	err	err	err	err	err	err	err	err	err	err	err	
52	err	err	err	r51	err	err	err	err	err	err	r51	r51	err	err	r51	err	err	err	err	err	err	err	err	err	err	r51	err	err	err	err	err	err	err	err	err	err	err	err	err	err	err	err	err	err	err	err	err	err	err	err	err	err	err	err	err	err	err	err	err	err	err	err	err	err	err	err	err	err	err	err	err	err	err	err	err	err	err	err	err	err	err	err	err	err	err	err	err	
53	err	err	err	err	s93	s5	s6	s11	err	err	err	err	err	err	err	err	err	err	err	err	err	err	err	err	err	err	err	err	err	err	err	err	err	err	err	err	err	err	err	err	err	err	err	err	err	err	err	err	err	err	err	err	err	94	err	err	err	err	err	92	91	err	err	err	err	err	err	err	err	err	err	err	err	err	err	err	err	err	err	err	err	err	err	err	err	err	err	
54	err	err	err	r60	err	err	err	err	err	err	r60	r60	err	err	r60	err	err	err	err	err	err	err	err	err	r60	r60	r60	r60	r60	err	err	err	err	err	err	err	err	err	err	err	err	err	err	err	err	err	err	err	err	err	err	err	err	err	err	err	err	err	err	err	err	err	err	err	err	err	err	err	err	err	err	err	err	err	err	err	err	err	err	err	err	err	err	err	err	err	err	
55	err	s95	err	err	err	err	err	err	err	err	err	err	err	err	err	err	err	err	err	err	err	err	err	err	err	err	err	err	err	err	err	err	err	err	err	err	err	err	err	err	err	err	err	err	err	err	err	err	err	err	err	err	err	err	err	err	err	err	err	err	err	err	err	err	err	err	err	err	err	err	err	err	err	err	err	err	err	err	err	err	err	err	err	err	err	err	err	
56	err	s28	s34	s97	err	err	err	err	err	err	err	err	err	err	err	err	err	err	err	err	err	err	err	err	err	err	err	err	err	err	err	err	err	err	err	err	err	err	err	err	err	err	s35	s31	s27	s46	err	err	s44	s45	err	err	err	err	err	err	err	err	err	err	err	err	err	err	err	err	err	err	err	err	err	96	52	40	37	23	36	41	26	33	29	38	42	51	101	43	98	
57	err	err	r94	r94	err	err	err	err	r94	r94	r94	r94	err	err	r94	err	err	err	err	err	err	err	err	r94	r94	r94	r94	r94	r94	r94	r94	r94	r94	r94	r94	r94	r94	r94	r94	r94	r94	err	r94	r94	err	err	r94	r94	err	err	err	err	err	err	err	err	err	err	err	err	err	err	err	err	err	err	err	err	err	err	err	err	err	err	err	err	err	err	err	err	err	err	err	err	err	err	err	
58	err	s99	err	err	err	err	err	err	err	err	err	err	err	err	err	err	err	err	err	err	err	err	err	err	err	err	err	err	err	err	err	err	err	err	err	err	err	err	err	err	err	err	err	err	err	err	err	err	err	err	err	err	err	err	err	err	err	err	err	err	err	err	err	err	err	err	err	err	err	err	err	err	err	err	err	err	err	err	err	err	err	err	err	err	err	err	err	
59	err	s28	s34	err	err	err	err	err	err	err	err	err	err	err	err	err	err	err	err	err	err	err	err	err	err	err	err	err	err	err	err	err	err	err	err	err	err	err	err	err	err	err	s35	s31	s27	s46	err	err	s44	s45	err	err	err	err	err	err	err	err	err	err	err	err	err	err	err	err	err	err	err	err	100	75	52	40	37	23	36	41	26	33	29	38	42	51	101	43	err	
60	err	err	r95	r95	err	err	err	err	r95	r95	r95	r95	err	err	r95	err	err	err	err	err	err	err	err	r95	r95	r95	r95	r95	r95	r95	r95	r95	r95	r95	r95	r95	r95	r95	r95	r95	r95	err	r95	r95	err	err	r95	r95	err	err	err	err	err	err	err	err	err	err	err	err	err	err	err	err	err	err	err	err	err	err	err	err	err	err	err	err	err	err	err	err	err	err	err	err	err	err	err	
61	err	s28	s34	err	err	err	err	err	err	err	err	err	err	err	err	err	err	err	err	err	err	err	err	err	err	err	err	err	err	err	err	err	err	err	err	err	err	err	err	err	err	err	s35	s31	s27	s46	err	err	s44	s45	err	err	err	err	err	err	err	err	err	err	err	err	err	err	err	err	err	err	err	err	err	err	err	err	err	err	err	err	err	102	29	38	42	32	101	43	err	
62	err	s28	s34	err	err	err	err	err	err	err	err	err	err	err	err	err	err	err	err	err	err	err	err	err	err	err	err	err	err	err	err	err	err	err	err	err	err	err	err	err	err	err	s35	s31	s27	s46	err	err	s44	s45	err	err	err	err	err	err	err	err	err	err	err	err	err	err	err	err	err	err	err	err	err	err	err	err	err	err	err	err	err	103	29	38	42	32	101	43	err	
63	err	err	s56	err	err	err	err	err	err	s59	err	err	err	err	err	err	err	err	err	err	err	err	err	err	err	err	err	err	err	err	err	err	err	err	err	err	err	err	err	err	err	err	s57	s60	err	err	s55	s58	err	err	err	err	err	err	err	err	err	err	err	err	err	err	err	err	err	err	err	err	err	err	err	err	err	err	err	err	err	err	err	err	err	err	err	err	err	err	err	
64	err	err	err	r85	err	err	err	err	r85	err	r85	r85	err	err	r85	err	err	err	err	err	err	err	err	r85	r85	r85	r85	r85	r85	r85	r85	r85	r85	r85	r85	r85	r85	r85	r85	r85	r85	err	err	err	err	err	err	err	err	err	err	err	err	err	err	err	err	err	err	err	err	err	err	err	err	err	err	err	err	err	err	err	err	err	err	err	err	err	err	err	err	err	err	err	err	err	err	
65	err	s28	s34	err	err	err	err	err	err	err	err	err	err	err	err	err	err	err	err	err	err	err	err	err	err	err	err	err	err	err	err	err	err	err	err	err	err	err	err	err	err	err	s35	s31	s27	s46	err	err	s44	s45	err	err	err	err	err	err	err	err	err	err	err	err	err	err	err	err	err	err	err	err	err	err	err	err	err	err	err	err	err	err	err	104	42	32	101	43	err	
66	err	s28	s34	err	err	err	err	err	err	err	err	err	err	err	err	err	err	err	err	err	err	err	err	err	err	err	err	err	err	err	err	err	err	err	err	err	err	err	err	err	err	err	s35	s31	s27	s46	err	err	s44	s45	err	err	err	err	err	err	err	err	err	err	err	err	err	err	err	err	err	err	err	err	err	err	err	err	err	err	err	err	err	err	err	105	42	32	101	43	err	
67	err	err	err	err	err	err	err	err	err	r15	err	r15	err	err	r15	r15	err	err	err	err	err	err	err	err	err	err	err	err	err	err	err	err	err	err	err	err	err	err	err	err	err	err	err	err	err	err	err	err	err	err	err	err	err	err	err	err	err	err	err	err	err	err	err	err	err	err	err	err	err	err	err	err	err	err	err	err	err	err	err	err	err	err	err	err	err	err	err	
68	err	err	err	r84	err	err	err	err	r84	err	r84	r84	err	err	r84	err	err	err	err	err	err	err	err	r84	r84	r84	r84	r84	r84	r84	r84	r84	r84	r84	r84	r84	r84	r84	r84	r84	r84	err	err	err	err	err	err	err	err	err	err	err	err	err	err	err	err	err	err	err	err	err	err	err	err	err	err	err	err	err	err	err	err	err	err	err	err	err	err	err	err	err	err	err	err	err	err	
69	err	s28	s34	err	err	err	err	err	err	err	err	err	err	err	err	err	err	err	err	err	err	err	err	err	err	err	err	err	err	err	err	err	err	err	err	err	err	err	err	err	err	err	s35	s31	s27	s46	err	err	s44	s45	err	err	err	err	err	err	err	err	err	err	err	err	err	err	err	err	err	err	err	err	74	75	52	40	37	23	36	41	26	33	29	38	42	51	101	43	err	
70	err	s28	s34	err	err	err	err	err	err	err	err	err	err	err	err	err	err	err	err	err	err	err	err	err	err	err	err	err	err	err	err	err	err	err	err	err	err	err	err	err	err	err	s35	s31	s27	s46	err	err	s44	s45	err	err	err	err	err	err	err	err	err	err	err	err	err	err	err	err	err	err	err	err	err	err	err	err	err	err	err	err	err	err	106	38	42	32	101	43	err	
71	err	s28	s34	err	err	err	err	err	err	err	err	err	err	err	err	err	err	err	err	err	err	err	err	err	err	err	err	err	err	err	err	err	err	err	err	err	err	err	err	err	err	err	s35	s31	s27	s46	err	err	s44	s45	err	err	err	err	err	err	err	err	err	err	err	err	err	err	err	err	err	err	err	err	err	err	err	err	err	err	err	err	err	err	107	38	42	32	101	43	err	
72	err	s28	s34	err	err	err	err	err	err	err	err	err	err	err	err	err	err	err	err	err	err	err	err	err	err	err	err	err	err	err	err	err	err	err	err	err	err	err	err	err	err	err	s35	s31	s27	s46	err	err	s44	s45	err	err	err	err	err	err	err	err	err	err	err	err	err	err	err	err	err	err	err	err	err	err	err	err	err	err	err	err	err	err	108	38	42	32	101	43	err	
73	err	s28	s34	err	err	err	err	err	err	err	err	err	err	err	err	err	err	err	err	err	err	err	err	err	err	err	err	err	err	err	err	err	err	err	err	err	err	err	err	err	err	err	s35	s31	s27	s46	err	err	s44	s45	err	err	err	err	err	err	err	err	err	err	err	err	err	err	err	err	err	err	err	err	err	err	err	err	err	err	err	err	err	err	109	38	42	32	101	43	err	
74	err	err	err	s110	err	err	err	err	err	err	err	s111	err	err	err	err	err	err	err	err	err	err	err	err	err	err	err	err	err	err	err	err	err	err	err	err	err	err	err	err	err	err	err	err	err	err	err	err	err	err	err	err	err	err	err	err	err	err	err	err	err	err	err	err	err	err	err	err	err	err	err	err	err	err	err	err	err	err	err	err	err	err	err	err	err	err	err	
75	err	err	err	r49	err	err	err	err	err	err	r49	r49	err	err	r49	err	err	err	err	err	err	err	err	err	err	r49	err	err	err	err	err	err	err	err	err	err	err	err	err	err	err	err	err	err	err	err	err	err	err	err	err	err	err	err	err	err	err	err	err	err	err	err	err	err	err	err	err	err	err	err	err	err	err	err	err	err	err	err	err	err	err	err	err	err	err	err	err	
76	err	err	err	s112	err	err	err	err	err	err	err	err	err	err	err	err	err	err	err	err	err	err	err	err	err	err	err	err	err	err	err	err	err	err	err	err	err	err	err	err	err	err	err	err	err	err	err	err	err	err	err	err	err	err	err	err	err	err	err	err	err	err	err	err	err	err	err	err	err	err	err	err	err	err	err	err	err	err	err	err	err	err	err	err	err	err	err	
77	err	err	err	r83	err	err	err	err	r83	err	r83	r83	err	err	r83	err	err	err	err	err	err	err	err	r83	r83	r83	r83	r83	r83	r83	r83	r83	r83	r83	r83	r83	r83	r83	r83	r83	r83	err	err	err	err	err	err	err	err	err	err	err	err	err	err	err	err	err	err	err	err	err	err	err	err	err	err	err	err	err	err	err	err	err	err	err	err	err	err	err	err	err	err	err	err	err	err	
78	err	s28	s34	err	err	err	err	err	err	err	err	err	err	err	err	err	err	err	err	err	err	err	err	err	err	err	err	err	err	err	err	err	err	err	err	err	err	err	err	err	err	err	s35	s31	s27	s46	err	err	s44	s45	err	err	err	err	err	err	err	err	err	err	err	err	err	err	err	err	err	err	err	err	err	err	err	err	err	err	err	113	26	33	29	38	42	32	101	43	err	
79	err	s28	s34	err	err	err	err	err	err	err	err	err	err	err	err	err	err	err	err	err	err	err	err	err	err	err	err	err	err	err	err	err	err	err	err	err	err	err	err	err	err	err	s35	s31	s27	s46	err	err	s44	s45	err	err	err	err	err	err	err	err	err	err	err	err	err	err	err	err	err	err	err	err	err	err	err	err	err	114	36	41	26	33	29	38	42	32	101	43	err	
80	err	s28	s34	err	err	err	err	err	err	err	err	err	err	err	err	err	err	err	err	err	err	err	err	err	err	err	err	err	err	err	err	err	err	err	err	err	err	err	err	err	err	err	s35	s31	s27	s46	err	err	s44	s45	err	err	err	err	err	err	err	err	err	err	err	err	err	err	err	err	err	err	err	err	err	err	err	err	err	err	err	err	err	err	err	err	115	32	101	43	err	
81	err	s28	s34	err	err	err	err	err	err	err	err	err	err	err	err	err	err	err	err	err	err	err	err	err	err	err	err	err	err	err	err	err	err	err	err	err	err	err	err	err	err	err	s35	s31	s27	s46	err	err	s44	s45	err	err	err	err	err	err	err	err	err	err	err	err	err	err	err	err	err	err	err	err	err	err	err	err	err	err	err	err	err	err	err	err	116	32	101	43	err	
82	err	s28	s34	err	err	err	err	err	err	err	err	err	err	err	err	err	err	err	err	err	err	err	err	err	err	err	err	err	err	err	err	err	err	err	err	err	err	err	err	err	err	err	s35	s31	s27	s46	err	err	s44	s45	err	err	err	err	err	err	err	err	err	err	err	err	err	err	err	err	err	err	err	err	err	err	err	err	err	err	err	err	err	err	err	err	117	32	101	43	err	
83	err	s28	s34	err	err	err	err	err	err	err	err	err	err	err	err	err	err	err	err	err	err	err	err	err	err	err	err	err	err	err	err	err	err	err	err	err	err	err	err	err	err	err	s35	s31	s27	s46	err	err	s44	s45	err	err	err	err	err	err	err	err	err	err	err	err	err	err	err	err	err	err	err	err	118	75	52	40	37	23	36	41	26	33	29	38	42	51	101	43	err	
84	err	s28	s34	err	err	err	err	err	err	err	err	err	err	err	err	err	err	err	err	err	err	err	err	err	err	err	err	err	err	err	err	err	err	err	err	err	err	err	err	err	err	err	s35	s31	s27	s46	err	err	s44	s45	err	err	err	err	err	err	err	err	err	err	err	err	err	err	err	err	err	err	err	err	err	err	err	err	119	23	36	41	26	33	29	38	42	32	101	43	err	
85	err	s28	s34	err	err	err	err	err	err	err	err	err	err	err	err	err	err	err	err	err	err	err	err	err	err	err	err	err	err	err	err	err	err	err	err	err	err	err	err	err	err	err	s35	s31	s27	s46	err	err	s44	s45	err	err	err	err	err	err	err	err	err	err	err	err	err	err	err	err	err	err	err	err	err	err	err	err	err	err	err	err	120	33	29	38	42	32	101	43	err	
86	err	err	err	r86	err	err	err	err	r86	err	r86	r86	err	err	r86	err	err	err	err	err	err	err	err	r86	r86	r86	r86	r86	r86	r86	r86	r86	r86	r86	r86	r86	r86	r86	r86	r86	r86	err	err	err	err	err	err	err	err	err	err	err	err	err	err	err	err	err	err	err	err	err	err	err	err	err	err	err	err	err	err	err	err	err	err	err	err	err	err	err	err	err	err	err	err	err	err	
87	err	s28	s34	err	err	err	err	err	err	err	err	err	err	err	err	err	err	err	err	err	err	err	err	err	err	err	err	err	err	err	err	err	err	err	err	err	err	err	err	err	err	s121	s35	s31	s27	s46	err	err	s44	s45	err	err	err	err	err	err	err	err	err	err	err	err	err	err	err	err	err	err	err	err	74	75	52	40	37	23	36	41	26	33	29	38	42	51	101	43	err	
88	err	s122	err	err	err	err	err	err	err	err	err	err	err	err	err	err	err	err	err	err	err	err	err	err	err	err	err	err	err	err	err	err	err	err	err	err	err	err	err	err	err	err	err	err	err	err	err	err	err	err	err	err	err	err	err	err	err	err	err	err	err	err	err	err	err	err	err	err	err	err	err	err	err	err	err	err	err	err	err	err	err	err	err	err	err	err	err	
89	r30	r30	r30	err	r30	r30	r30	r30	r30	err	err	err	r30	err	r30	err	r30	err	r30	r30	r30	r30	r30	err	err	err	err	err	err	err	err	err	err	err	err	err	err	err	err	err	err	err	r30	r30	r30	r30	err	err	r30	r30	err	err	err	err	err	err	err	err	err	err	err	err	err	err	err	err	err	err	err	err	err	err	err	err	err	err	err	err	err	err	err	err	err	err	err	err	err	
90	err	s28	s34	err	err	err	err	err	err	err	err	err	err	err	err	err	err	err	err	err	err	err	err	err	err	err	err	err	err	err	err	err	err	err	err	err	err	err	err	err	err	err	s35	s31	s27	s46	err	err	s44	s45	err	err	err	err	err	err	err	err	err	err	err	err	err	err	err	err	err	err	err	err	err	123	52	40	37	23	36	41	26	33	29	38	42	51	101	43	err	
91	err	err	err	r21	err	err	err	err	err	err	err	r21	err	err	err	err	err	err	err	err	err	err	err	err	err	err	err	err	err	err	err	err	err	err	err	err	err	err	err	err	err	err	err	err	err	err	err	err	err	err	err	err	err	err	err	err	err	err	err	err	err	err	err	err	err	err	err	err	err	err	err	err	err	err	err	err	err	err	err	err	err	err	err	err	err	err	err	
92	err	err	err	s124	err	err	err	err	err	err	err	s125	err	err	err	err	err	err	err	err	err	err	err	err	err	err	err	err	err	err	err	err	err	err	err	err	err	err	err	err	err	err	err	err	err	err	err	err	err	err	err	err	err	err	err	err	err	err	err	err	err	err	err	err	err	err	err	err	err	err	err	err	err	err	err	err	err	err	err	err	err	err	err	err	err	err	err	
93	err	r5	err	r20	err	err	err	err	err	err	err	r20	err	err	err	err	err	err	err	err	err	err	err	err	err	err	err	err	err	err	err	err	err	err	err	err	err	err	err	err	err	err	err	err	err	err	err	err	err	err	err	err	err	err	err	err	err	err	err	err	err	err	err	err	err	err	err	err	err	err	err	err	err	err	err	err	err	err	err	err	err	err	err	err	err	err	err	
94	err	s126	err	err	err	err	err	err	err	err	err	err	err	err	err	err	err	err	err	err	err	err	err	err	err	err	err	err	err	err	err	err	err	err	err	err	err	err	err	err	err	err	err	err	err	err	err	err	err	err	err	err	err	err	err	err	err	err	err	err	err	err	err	err	err	err	err	err	err	err	err	err	err	err	err	err	err	err	err	err	err	err	err	err	err	err	err	
95	err	err	r92	r92	err	err	err	err	r92	r92	r92	r92	err	err	r92	err	err	err	err	err	err	err	err	r92	r92	r92	r92	r92	r92	r92	r92	r92	r92	r92	r92	r92	r92	r92	r92	r92	r92	err	r92	r92	err	err	r92	r92	err	err	err	err	err	err	err	err	err	err	err	err	err	err	err	err	err	err	err	err	err	err	err	err	err	err	err	err	err	err	err	err	err	err	err	err	err	err	err	
96	err	err	err	r100	err	err	err	err	err	err	err	r100	err	err	err	err	err	err	err	err	err	err	err	err	err	err	err	err	err	err	err	err	err	err	err	err	err	err	err	err	err	err	err	err	err	err	err	err	err	err	err	err	err	err	err	err	err	err	err	err	err	err	err	err	err	err	err	err	err	err	err	err	err	err	err	err	err	err	err	err	err	err	err	err	err	err	err	
97	err	err	r90	r90	err	err	err	err	r90	r90	r90	r90	err	err	r90	err	err	err	err	err	err	err	err	r90	r90	r90	r90	r90	r90	r90	r90	r90	r90	r90	r90	r90	r90	r90	r90	r90	r90	err	r90	r90	err	err	r90	r90	err	err	err	err	err	err	err	err	err	err	err	err	err	err	err	err	err	err	err	err	err	err	err	err	err	err	err	err	err	err	err	err	err	err	err	err	err	err	err	
98	err	err	err	s127	err	err	err	err	err	err	err	s128	err	err	err	err	err	err	err	err	err	err	err	err	err	err	err	err	err	err	err	err	err	err	err	err	err	err	err	err	err	err	err	err	err	err	err	err	err	err	err	err	err	err	err	err	err	err	err	err	err	err	err	err	err	err	err	err	err	err	err	err	err	err	err	err	err	err	err	err	err	err	err	err	err	err	err	
99	err	err	r93	r93	err	err	err	err	r93	r93	r93	r93	err	err	r93	err	err	err	err	err	err	err	err	r93	r93	r93	r93	r93	r93	r93	r93	r93	r93	r93	r93	r93	r93	r93	r93	r93	r93	err	r93	r93	err	err	r93	r93	err	err	err	err	err	err	err	err	err	err	err	err	err	err	err	err	err	err	err	err	err	err	err	err	err	err	err	err	err	err	err	err	err	err	err	err	err	err	err	
100	err	err	err	err	err	err	err	err	err	err	s129	s111	err	err	err	err	err	err	err	err	err	err	err	err	err	err	err	err	err	err	err	err	err	err	err	err	err	err	err	err	err	err	err	err	err	err	err	err	err	err	err	err	err	err	err	err	err	err	err	err	err	err	err	err	err	err	err	err	err	err	err	err	err	err	err	err	err	err	err	err	err	err	err	err	err	err	err	
101	err	err	s56	r82	err	err	err	err	r82	s59	r82	r82	err	err	r82	err	err	err	err	err	err	err	err	r82	r82	r82	r82	r82	r82	r82	r82	r82	r82	r82	r82	r82	r82	r82	r82	r82	r82	err	s57	s60	err	err	s55	s58	err	err	err	err	err	err	err	err	err	err	err	err	err	err	err	err	err	err	err	err	err	err	err	err	err	err	err	err	err	err	err	err	err	err	err	err	err	err	err	
102	err	err	err	r67	err	err	err	err	err	err	r67	r67	err	err	r67	err	err	err	err	err	err	err	err	err	r67	r67	r67	r67	r67	r67	r67	r67	r67	s73	s72	s70	s71	err	err	err	err	err	err	err	err	err	err	err	err	err	err	err	err	err	err	err	err	err	err	err	err	err	err	err	err	err	err	err	err	err	err	err	err	err	err	err	err	err	err	err	err	err	err	err	err	err	err	
103	err	err	err	r66	err	err	err	err	err	err	r66	r66	err	err	r66	err	err	err	err	err	err	err	err	err	r66	r66	r66	r66	r66	r66	r66	r66	r66	s73	s72	s70	s71	err	err	err	err	err	err	err	err	err	err	err	err	err	err	err	err	err	err	err	err	err	err	err	err	err	err	err	err	err	err	err	err	err	err	err	err	err	err	err	err	err	err	err	err	err	err	err	err	err	err	
104	err	err	err	r75	err	err	err	err	s80	err	r75	r75	err	err	r75	err	err	err	err	err	err	err	err	err	r75	r75	r75	r75	r75	r75	r75	r75	r75	r75	r75	r75	r75	r75	r75	s82	s81	err	err	err	err	err	err	err	err	err	err	err	err	err	err	err	err	err	err	err	err	err	err	err	err	err	err	err	err	err	err	err	err	err	err	err	err	err	err	err	err	err	err	err	err	err	err	
105	err	err	err	r74	err	err	err	err	s80	err	r74	r74	err	err	r74	err	err	err	err	err	err	err	err	err	r74	r74	r74	r74	r74	r74	r74	r74	r74	r74	r74	r74	r74	r74	r74	s82	s81	err	err	err	err	err	err	err	err	err	err	err	err	err	err	err	err	err	err	err	err	err	err	err	err	err	err	err	err	err	err	err	err	err	err	err	err	err	err	err	err	err	err	err	err	err	err	
106	err	err	err	r71	err	err	err	err	err	err	r71	r71	err	err	r71	err	err	err	err	err	err	err	err	err	r71	r71	r71	r71	r71	r71	r71	r71	r71	r71	r71	r71	r71	s66	s65	err	err	err	err	err	err	err	err	err	err	err	err	err	err	err	err	err	err	err	err	err	err	err	err	err	err	err	err	err	err	err	err	err	err	err	err	err	err	err	err	err	err	err	err	err	err	err	err	
107	err	err	err	r72	err	err	err	err	err	err	r72	r72	err	err	r72	err	err	err	err	err	err	err	err	err	r72	r72	r72	r72	r72	r72	r72	r72	r72	r72	r72	r72	r72	s66	s65	err	err	err	err	err	err	err	err	err	err	err	err	err	err	err	err	err	err	err	err	err	err	err	err	err	err	err	err	err	err	err	err	err	err	err	err	err	err	err	err	err	err	err	err	err	err	err	err	
108	err	err	err	r70	err	err	err	err	err	err	r70	r70	err	err	r70	err	err	err	err	err	err	err	err	err	r70	r70	r70	r70	r70	r70	r70	r70	r70	r70	r70	r70	r70	s66	s65	err	err	err	err	err	err	err	err	err	err	err	err	err	err	err	err	err	err	err	err	err	err	err	err	err	err	err	err	err	err	err	err	err	err	err	err	err	err	err	err	err	err	err	err	err	err	err	err	
109	err	err	err	r69	err	err	err	err	err	err	r69	r69	err	err	r69	err	err	err	err	err	err	err	err	err	r69	r69	r69	r69	r69	r69	r69	r69	r69	r69	r69	r69	r69	s66	s65	err	err	err	err	err	err	err	err	err	err	err	err	err	err	err	err	err	err	err	err	err	err	err	err	err	err	err	err	err	err	err	err	err	err	err	err	err	err	err	err	err	err	err	err	err	err	err	err	
110	err	err	r99	r99	err	err	err	err	r99	r99	r99	r99	err	err	r99	err	err	err	err	err	err	err	err	r99	r99	r99	r99	r99	r99	r99	r99	r99	r99	r99	r99	r99	r99	r99	r99	r99	r99	err	r99	r99	err	err	r99	r99	err	err	err	err	err	err	err	err	err	err	err	err	err	err	err	err	err	err	err	err	err	err	err	err	err	err	err	err	err	err	err	err	err	err	err	err	err	err	err	
111	err	s28	s34	err	err	err	err	err	err	err	err	err	err	err	err	err	err	err	err	err	err	err	err	err	err	err	err	err	err	err	err	err	err	err	err	err	err	err	err	err	err	err	s35	s31	s27	s46	err	err	s44	s45	err	err	err	err	err	err	err	err	err	err	err	err	err	err	err	err	err	err	err	err	err	130	52	40	37	23	36	41	26	33	29	38	42	51	101	43	err	
112	err	s28	s34	err	err	err	err	err	err	err	err	err	err	err	err	err	err	err	err	err	err	err	err	err	err	err	err	err	err	err	err	err	err	err	err	err	err	err	err	err	err	err	s35	s31	s27	s46	err	err	s44	s45	err	err	err	err	err	err	err	err	err	err	err	err	err	err	err	err	err	err	err	err	err	err	err	err	err	err	err	err	err	err	err	err	131	32	101	43	err	
113	err	err	err	r62	err	err	err	err	err	err	r62	r62	err	err	r62	err	err	err	err	err	err	err	err	err	r62	r62	r62	r62	r62	r62	s85	err	err	err	err	err	err	err	err	err	err	err	err	err	err	err	err	err	err	err	err	err	err	err	err	err	err	err	err	err	err	err	err	err	err	err	err	err	err	err	err	err	err	err	err	err	err	err	err	err	err	err	err	err	err	err	err	
114	err	err	err	r58	err	err	err	err	err	err	r58	r58	err	err	r58	err	err	err	err	err	err	err	err	err	r58	r58	r58	r58	s54	err	err	err	err	err	err	err	err	err	err	err	err	err	err	err	err	err	err	err	err	err	err	err	err	err	err	err	err	err	err	err	err	err	err	err	err	err	err	err	err	err	err	err	err	err	err	err	err	err	err	err	err	err	err	err	err	err	err	
115	err	err	err	r77	err	err	err	err	r77	err	r77	r77	err	err	r77	err	err	err	err	err	err	err	err	err	r77	r77	r77	r77	r77	r77	r77	r77	r77	r77	r77	r77	r77	r77	r77	r77	r77	err	err	err	err	err	err	err	err	err	err	err	err	err	err	err	err	err	err	err	err	err	err	err	err	err	err	err	err	err	err	err	err	err	err	err	err	err	err	err	err	err	err	err	err	err	err	
116	err	err	err	r79	err	err	err	err	r79	err	r79	r79	err	err	r79	err	err	err	err	err	err	err	err	err	r79	r79	r79	r79	r79	r79	r79	r79	r79	r79	r79	r79	r79	r79	r79	r79	r79	err	err	err	err	err	err	err	err	err	err	err	err	err	err	err	err	err	err	err	err	err	err	err	err	err	err	err	err	err	err	err	err	err	err	err	err	err	err	err	err	err	err	err	err	err	err	
117	err	err	err	r78	err	err	err	err	r78	err	r78	r78	err	err	r78	err	err	err	err	err	err	err	err	err	r78	r78	r78	r78	r78	r78	r78	r78	r78	r78	r78	r78	r78	r78	r78	r78	r78	err	err	err	err	err	err	err	err	err	err	err	err	err	err	err	err	err	err	err	err	err	err	err	err	err	err	err	err	err	err	err	err	err	err	err	err	err	err	err	err	err	err	err	err	err	err	
118	err	err	err	err	err	err	err	err	err	err	err	s111	err	err	err	err	err	err	err	err	err	err	err	err	err	s132	err	err	err	err	err	err	err	err	err	err	err	err	err	err	err	err	err	err	err	err	err	err	err	err	err	err	err	err	err	err	err	err	err	err	err	err	err	err	err	err	err	err	err	err	err	err	err	err	err	err	err	err	err	err	err	err	err	err	err	err	err	
119	err	err	err	r56	err	err	err	err	err	err	r56	r56	err	err	r56	err	err	err	err	err	err	err	err	err	r56	r56	r56	s79	err	err	err	err	err	err	err	err	err	err	err	err	err	err	err	err	err	err	err	err	err	err	err	err	err	err	err	err	err	err	err	err	err	err	err	err	err	err	err	err	err	err	err	err	err	err	err	err	err	err	err	err	err	err	err	err	err	err	err	
120	err	err	err	r64	err	err	err	err	err	err	r64	r64	err	err	r64	err	err	err	err	err	err	err	err	err	r64	r64	r64	r64	r64	r64	r64	s62	s61	err	err	err	err	err	err	err	err	err	err	err	err	err	err	err	err	err	err	err	err	err	err	err	err	err	err	err	err	err	err	err	err	err	err	err	err	err	err	err	err	err	err	err	err	err	err	err	err	err	err	err	err	err	err	
121	err	err	err	s133	err	err	err	err	err	err	err	err	err	err	err	err	err	err	err	err	err	err	err	err	err	err	err	err	err	err	err	err	err	err	err	err	err	err	err	err	err	err	err	err	err	err	err	err	err	err	err	err	err	err	err	err	err	err	err	err	err	err	err	err	err	err	err	err	err	err	err	err	err	err	err	err	err	err	err	err	err	err	err	err	err	err	err	
122	err	err	err	err	err	err	err	err	err	r18	err	r18	err	err	r18	r18	err	err	err	err	err	err	err	err	err	err	err	err	err	err	err	err	err	err	err	err	err	err	err	err	err	err	err	err	err	err	err	err	err	err	err	err	err	err	err	err	err	err	err	err	err	err	err	err	err	err	err	err	err	err	err	err	err	err	err	err	err	err	err	err	err	err	err	err	err	err	err	
123	err	err	err	r52	err	err	err	err	err	err	r52	r52	err	err	r52	err	err	err	err	err	err	err	err	err	err	r52	err	err	err	err	err	err	err	err	err	err	err	err	err	err	err	err	err	err	err	err	err	err	err	err	err	err	err	err	err	err	err	err	err	err	err	err	err	err	err	err	err	err	err	err	err	err	err	err	err	err	err	err	err	err	err	err	err	err	err	err	err	
124	err	err	err	err	err	err	err	err	err	err	err	err	s134	err	err	err	err	err	err	err	err	err	err	err	err	err	err	err	err	err	err	err	err	err	err	err	err	err	err	err	err	err	err	err	err	err	err	err	err	err	err	err	err	err	err	err	err	err	err	err	err	135	err	err	err	err	err	err	err	err	err	err	err	err	err	err	err	err	err	err	err	err	err	err	err	err	err	
125	err	err	err	err	s7	s5	s6	s11	err	err	err	err	err	err	err	err	err	err	err	err	err	err	err	err	err	err	err	err	err	err	err	err	err	err	err	err	err	err	err	err	err	err	err	err	err	err	err	err	err	err	err	err	err	94	err	err	err	err	err	err	136	err	err	err	err	err	err	err	err	err	err	err	err	err	err	err	err	err	err	err	err	err	err	err	err	err	err	
126	err	err	err	r23	err	err	err	err	err	err	err	r23	err	err	err	err	err	err	err	err	err	err	err	err	err	err	err	err	err	err	err	err	err	err	err	err	err	err	err	err	err	err	err	err	err	err	err	err	err	err	err	err	err	err	err	err	err	err	err	err	err	err	err	err	err	err	err	err	err	err	err	err	err	err	err	err	err	err	err	err	err	err	err	err	err	err	err	
127	err	err	r91	r91	err	err	err	err	r91	r91	r91	r91	err	err	r91	err	err	err	err	err	err	err	err	r91	r91	r91	r91	r91	r91	r91	r91	r91	r91	r91	r91	r91	r91	r91	r91	r91	r91	err	r91	r91	err	err	r91	r91	err	err	err	err	err	err	err	err	err	err	err	err	err	err	err	err	err	err	err	err	err	err	err	err	err	err	err	err	err	err	err	err	err	err	err	err	err	err	err	
128	err	s28	s34	err	err	err	err	err	err	err	err	err	err	err	err	err	err	err	err	err	err	err	err	err	err	err	err	err	err	err	err	err	err	err	err	err	err	err	err	err	err	err	s35	s31	s27	s46	err	err	s44	s45	err	err	err	err	err	err	err	err	err	err	err	err	err	err	err	err	err	err	err	err	err	137	52	40	37	23	36	41	26	33	29	38	42	51	101	43	err	
129	err	err	r89	r89	err	err	err	err	r89	r89	r89	r89	err	err	r89	err	err	err	err	err	err	err	err	r89	r89	r89	r89	r89	r89	r89	r89	r89	r89	r89	r89	r89	r89	r89	r89	r89	r89	err	r89	r89	err	err	r89	r89	err	err	err	err	err	err	err	err	err	err	err	err	err	err	err	err	err	err	err	err	err	err	err	err	err	err	err	err	err	err	err	err	err	err	err	err	err	err	err	
130	err	err	err	r50	err	err	err	err	err	err	r50	r50	err	err	r50	err	err	err	err	err	err	err	err	err	err	r50	err	err	err	err	err	err	err	err	err	err	err	err	err	err	err	err	err	err	err	err	err	err	err	err	err	err	err	err	err	err	err	err	err	err	err	err	err	err	err	err	err	err	err	err	err	err	err	err	err	err	err	err	err	err	err	err	err	err	err	err	err	
131	err	err	err	r81	err	err	err	err	r81	err	r81	r81	err	err	r81	err	err	err	err	err	err	err	err	r81	r81	r81	r81	r81	r81	r81	r81	r81	r81	r81	r81	r81	r81	r81	r81	r81	r81	err	err	err	err	err	err	err	err	err	err	err	err	err	err	err	err	err	err	err	err	err	err	err	err	err	err	err	err	err	err	err	err	err	err	err	err	err	err	err	err	err	err	err	err	err	err	
132	err	s28	s34	err	err	err	err	err	err	err	err	err	err	err	err	err	err	err	err	err	err	err	err	err	err	err	err	err	err	err	err	err	err	err	err	err	err	err	err	err	err	err	s35	s31	s27	s46	err	err	s44	s45	err	err	err	err	err	err	err	err	err	err	err	err	err	err	err	err	err	err	err	err	err	err	138	40	37	23	36	41	26	33	29	38	42	32	101	43	err	
133	err	err	err	r87	err	err	err	err	r87	err	r87	r87	err	err	r87	err	err	err	err	err	err	err	err	r87	r87	r87	r87	r87	r87	r87	r87	r87	r87	r87	r87	r87	r87	r87	r87	r87	r87	err	err	err	err	err	err	err	err	err	err	err	err	err	err	err	err	err	err	err	err	err	err	err	err	err	err	err	err	err	err	err	err	err	err	err	err	err	err	err	err	err	err	err	err	err	err	
134	err	s28	s34	err	s7	s5	s6	s11	s8	err	err	err	s134	s152	s143	err	s144	err	s150	s140	s146	s141	s145	err	err	err	err	err	err	err	err	err	err	err	err	err	err	err	err	err	err	err	s35	s31	s27	s46	err	err	s44	s45	err	err	err	18	12	3	2	err	err	err	err	142	153	148	147	151	154	149	155	156	139	75	52	40	37	23	36	41	26	33	29	38	42	51	101	43	err	
135	r4	err	err	err	r4	r4	r4	r4	r4	err	err	err	err	err	err	err	err	err	err	err	err	err	err	err	err	err	err	err	err	err	err	err	err	err	err	err	err	err	err	err	err	err	err	err	err	err	err	err	err	err	err	err	err	err	err	err	err	err	err	err	err	err	err	err	err	err	err	err	err	err	err	err	err	err	err	err	err	err	err	err	err	err	err	err	err	err	err	
136	err	err	err	r22	err	err	err	err	err	err	err	r22	err	err	err	err	err	err	err	err	err	err	err	err	err	err	err	err	err	err	err	err	err	err	err	err	err	err	err	err	err	err	err	err	err	err	err	err	err	err	err	err	err	err	err	err	err	err	err	err	err	err	err	err	err	err	err	err	err	err	err	err	err	err	err	err	err	err	err	err	err	err	err	err	err	err	err	
137	err	err	err	r101	err	err	err	err	err	err	err	r101	err	err	err	err	err	err	err	err	err	err	err	err	err	err	err	err	err	err	err	err	err	err	err	err	err	err	err	err	err	err	err	err	err	err	err	err	err	err	err	err	err	err	err	err	err	err	err	err	err	err	err	err	err	err	err	err	err	err	err	err	err	err	err	err	err	err	err	err	err	err	err	err	err	err	err	
138	err	err	err	r54	err	err	err	err	err	err	r54	r54	err	err	r54	err	err	err	err	err	err	err	err	err	err	r54	err	err	err	err	err	err	err	err	err	err	err	err	err	err	err	err	err	err	err	err	err	err	err	err	err	err	err	err	err	err	err	err	err	err	err	err	err	err	err	err	err	err	err	err	err	err	err	err	err	err	err	err	err	err	err	err	err	err	err	err	err	
139	err	err	err	err	err	err	err	err	err	err	err	s111	err	err	s157	err	err	err	err	err	err	err	err	err	err	err	err	err	err	err	err	err	err	err	err	err	err	err	err	err	err	err	err	err	err	err	err	err	err	err	err	err	err	err	err	err	err	err	err	err	err	err	err	err	err	err	err	err	err	err	err	err	err	err	err	err	err	err	err	err	err	err	err	err	err	err	err	
140	err	err	s158	err	err	err	err	err	err	err	err	err	err	err	err	err	err	err	err	err	err	err	err	err	err	err	err	err	err	err	err	err	err	err	err	err	err	err	err	err	err	err	err	err	err	err	err	err	err	err	err	err	err	err	err	err	err	err	err	err	err	err	err	err	err	err	err	err	err	err	err	err	err	err	err	err	err	err	err	err	err	err	err	err	err	err	err	
141	err	err	err	err	err	err	err	err	err	err	err	err	err	err	s159	err	err	err	err	err	err	err	err	err	err	err	err	err	err	err	err	err	err	err	err	err	err	err	err	err	err	err	err	err	err	err	err	err	err	err	err	err	err	err	err	err	err	err	err	err	err	err	err	err	err	err	err	err	err	err	err	err	err	err	err	err	err	err	err	err	err	err	err	err	err	err	err	
142	err	r33	r33	err	err	err	err	err	err	err	err	err	r33	r33	r33	err	r33	r33	r33	r33	r33	r33	r33	err	err	err	err	err	err	err	err	err	err	err	err	err	err	err	err	err	err	err	r33	r33	r33	r33	err	err	r33	r33	err	err	err	err	err	err	err	err	err	err	err	err	err	err	err	err	err	err	err	err	err	err	err	err	err	err	err	err	err	err	err	err	err	err	err	err	err	
143	err	r38	r38	r38	err	err	err	err	err	err	err	err	r38	r38	r38	err	r38	r38	r38	r38	r38	r38	r38	err	err	err	err	err	err	err	err	err	err	err	err	err	err	err	err	err	err	err	r38	r38	r38	r38	err	err	r38	r38	err	err	err	err	err	err	err	err	err	err	err	err	err	err	err	err	err	err	err	err	err	err	err	err	err	err	err	err	err	err	err	err	err	err	err	err	err	
144	err	err	s160	err	err	err	err	err	err	err	err	err	err	err	err	err	err	err	err	err	err	err	err	err	err	err	err	err	err	err	err	err	err	err	err	err	err	err	err	err	err	err	err	err	err	err	err	err	err	err	err	err	err	err	err	err	err	err	err	err	err	err	err	err	err	err	err	err	err	err	err	err	err	err	err	err	err	err	err	err	err	err	err	err	err	err	err	
145	err	s28	s34	err	err	err	err	err	err	err	err	err	err	err	s162	err	err	err	err	err	err	err	err	err	err	err	err	err	err	err	err	err	err	err	err	err	err	err	err	err	err	err	s35	s31	s27	s46	err	err	s44	s45	err	err	err	err	err	err	err	err	err	err	err	err	err	err	err	err	err	err	err	err	161	75	52	40	37	23	36	41	26	33	29	38	42	51	101	43	err	
146	err	err	err	err	err	err	err	err	err	err	err	err	err	err	s163	err	err	err	err	err	err	err	err	err	err	err	err	err	err	err	err	err	err	err	err	err	err	err	err	err	err	err	err	err	err	err	err	err	err	err	err	err	err	err	err	err	err	err	err	err	err	err	err	err	err	err	err	err	err	err	err	err	err	err	err	err	err	err	err	err	err	err	err	err	err	err	err	
147	err	s28	s34	err	err	err	err	err	err	err	err	err	s134	s164	s143	err	s144	err	s150	s140	s146	s141	s145	err	err	err	err	err	err	err	err	err	err	err	err	err	err	err	err	err	err	err	s35	s31	s27	s46	err	err	s44	s45	err	err	err	err	err	err	err	err	err	err	err	142	err	err	err	165	154	149	155	156	139	75	52	40	37	23	36	41	26	33	29	38	42	51	101	43	err	
148	err	r27	r27	err	r27	r27	r27	r27	r27	err	err	err	r27	err	r27	err	r27	err	r27	r27	r27	r27	r27	err	err	err	err	err	err	err	err	err	err	err	err	err	err	err	err	err	err	err	r27	r27	r27	r27	err	err	r27	r27	err	err	err	err	err	err	err	err	err	err	err	err	err	err	err	err	err	err	err	err	err	err	err	err	err	err	err	err	err	err	err	err	err	err	err	err	err	
149	err	r35	r35	err	err	err	err	err	err	err	err	err	r35	r35	r35	err	r35	r35	r35	r35	r35	r35	r35	err	err	err	err	err	err	err	err	err	err	err	err	err	err	err	err	err	err	err	r35	r35	r35	r35	err	err	r35	r35	err	err	err	err	err	err	err	err	err	err	err	err	err	err	err	err	err	err	err	err	err	err	err	err	err	err	err	err	err	err	err	err	err	err	err	err	err	
150	err	err	s166	err	err	err	err	err	err	err	err	err	err	err	err	err	err	err	err	err	err	err	err	err	err	err	err	err	err	err	err	err	err	err	err	err	err	err	err	err	err	err	err	err	err	err	err	err	err	err	err	err	err	err	err	err	err	err	err	err	err	err	err	err	err	err	err	err	err	err	err	err	err	err	err	err	err	err	err	err	err	err	err	err	err	err	err	
151	err	r31	r31	err	err	err	err	err	err	err	err	err	r31	r31	r31	err	r31	err	r31	r31	r31	r31	r31	err	err	err	err	err	err	err	err	err	err	err	err	err	err	err	err	err	err	err	r31	r31	r31	r31	err	err	r31	r31	err	err	err	err	err	err	err	err	err	err	err	err	err	err	err	err	err	err	err	err	err	err	err	err	err	err	err	err	err	err	err	err	err	err	err	err	err	
152	r24	r24	r24	err	r24	r24	r24	r24	r24	err	err	err	r24	r24	r24	err	r24	r24	r24	r24	r24	r24	r24	err	err	err	err	err	err	err	err	err	err	err	err	err	err	err	err	err	err	err	r24	r24	r24	r24	err	err	r24	r24	err	err	err	err	err	err	err	err	err	err	err	err	err	err	err	err	err	err	err	err	err	err	err	err	err	err	err	err	err	err	err	err	err	err	err	err	err	
153	err	s28	s34	err	s7	s5	s6	s11	s8	err	err	err	s134	err	s143	err	s144	err	s150	s140	s146	s141	s145	err	err	err	err	err	err	err	err	err	err	err	err	err	err	err	err	err	err	err	s35	s31	s27	s46	err	err	s44	s45	err	err	err	18	12	3	2	err	err	err	err	142	err	168	167	151	154	149	155	156	139	75	52	40	37	23	36	41	26	33	29	38	42	51	101	43	err	
154	err	r34	r34	err	err	err	err	err	err	err	err	err	r34	r34	r34	err	r34	r34	r34	r34	r34	r34	r34	err	err	err	err	err	err	err	err	err	err	err	err	err	err	err	err	err	err	err	r34	r34	r34	r34	err	err	r34	r34	err	err	err	err	err	err	err	err	err	err	err	err	err	err	err	err	err	err	err	err	err	err	err	err	err	err	err	err	err	err	err	err	err	err	err	err	err	
155	err	r36	r36	err	err	err	err	err	err	err	err	err	r36	r36	r36	err	r36	r36	r36	r36	r36	r36	r36	err	err	err	err	err	err	err	err	err	err	err	err	err	err	err	err	err	err	err	r36	r36	r36	r36	err	err	r36	r36	err	err	err	err	err	err	err	err	err	err	err	err	err	err	err	err	err	err	err	err	err	err	err	err	err	err	err	err	err	err	err	err	err	err	err	err	err	
156	err	r37	r37	err	err	err	err	err	err	err	err	err	r37	r37	r37	err	r37	r37	r37	r37	r37	r37	r37	err	err	err	err	err	err	err	err	err	err	err	err	err	err	err	err	err	err	err	r37	r37	r37	r37	err	err	r37	r37	err	err	err	err	err	err	err	err	err	err	err	err	err	err	err	err	err	err	err	err	err	err	err	err	err	err	err	err	err	err	err	err	err	err	err	err	err	
157	err	r39	r39	r39	err	err	err	err	err	err	err	err	r39	r39	r39	err	r39	r39	r39	r39	r39	r39	r39	err	err	err	err	err	err	err	err	err	err	err	err	err	err	err	err	err	err	err	r39	r39	r39	r39	err	err	r39	r39	err	err	err	err	err	err	err	err	err	err	err	err	err	err	err	err	err	err	err	err	err	err	err	err	err	err	err	err	err	err	err	err	err	err	err	err	err	
158	err	s28	s34	err	err	err	err	err	err	err	err	err	err	err	s143	err	err	err	err	err	err	err	err	err	err	err	err	err	err	err	err	err	err	err	err	err	err	err	err	err	err	err	s35	s31	s27	s46	err	err	s44	s45	err	err	err	err	err	err	err	err	err	err	err	err	err	err	err	err	169	err	err	err	139	75	52	40	37	23	36	41	26	33	29	38	42	51	101	43	err	
159	err	r46	r46	err	err	err	err	err	err	err	err	err	r46	r46	r46	err	r46	r46	r46	r46	r46	r46	r46	err	err	err	err	err	err	err	err	err	err	err	err	err	err	err	err	err	err	err	r46	r46	r46	r46	err	err	r46	r46	err	err	err	err	err	err	err	err	err	err	err	err	err	err	err	err	err	err	err	err	err	err	err	err	err	err	err	err	err	err	err	err	err	err	err	err	err	
160	err	s28	s34	err	err	err	err	err	err	err	err	err	err	err	err	err	err	err	err	err	err	err	err	err	err	err	err	err	err	err	err	err	err	err	err	err	err	err	err	err	err	err	s35	s31	s27	s46	err	err	s44	s45	err	err	err	err	err	err	err	err	err	err	err	err	err	err	err	err	err	err	err	err	170	75	52	40	37	23	36	41	26	33	29	38	42	51	101	43	err	
161	err	err	err	err	err	err	err	err	err	err	err	s111	err	err	s171	err	err	err	err	err	err	err	err	err	err	err	err	err	err	err	err	err	err	err	err	err	err	err	err	err	err	err	err	err	err	err	err	err	err	err	err	err	err	err	err	err	err	err	err	err	err	err	err	err	err	err	err	err	err	err	err	err	err	err	err	err	err	err	err	err	err	err	err	err	err	err	err	
162	err	r47	r47	err	err	err	err	err	err	err	err	err	r47	r47	r47	err	r47	r47	r47	r47	r47	r47	r47	err	err	err	err	err	err	err	err	err	err	err	err	err	err	err	err	err	err	err	r47	r47	r47	r47	err	err	r47	r47	err	err	err	err	err	err	err	err	err	err	err	err	err	err	err	err	err	err	err	err	err	err	err	err	err	err	err	err	err	err	err	err	err	err	err	err	err	
163	err	r45	r45	err	err	err	err	err	err	err	err	err	r45	r45	r45	err	r45	r45	r45	r45	r45	r45	r45	err	err	err	err	err	err	err	err	err	err	err	err	err	err	err	err	err	err	err	r45	r45	r45	r45	err	err	r45	r45	err	err	err	err	err	err	err	err	err	err	err	err	err	err	err	err	err	err	err	err	err	err	err	err	err	err	err	err	err	err	err	err	err	err	err	err	err	
164	r25	r25	r25	err	r25	r25	r25	r25	r25	err	err	err	r25	r25	r25	err	r25	r25	r25	r25	r25	r25	r25	err	err	err	err	err	err	err	err	err	err	err	err	err	err	err	err	err	err	err	r25	r25	r25	r25	err	err	r25	r25	err	err	err	err	err	err	err	err	err	err	err	err	err	err	err	err	err	err	err	err	err	err	err	err	err	err	err	err	err	err	err	err	err	err	err	err	err	
165	err	r32	r32	err	err	err	err	err	err	err	err	err	r32	r32	r32	err	r32	err	r32	r32	r32	r32	r32	err	err	err	err	err	err	err	err	err	err	err	err	err	err	err	err	err	err	err	r32	r32	r32	r32	err	err	r32	r32	err	err	err	err	err	err	err	err	err	err	err	err	err	err	err	err	err	err	err	err	err	err	err	err	err	err	err	err	err	err	err	err	err	err	err	err	err	
166	err	s28	s34	err	err	err	err	err	err	err	err	err	err	err	err	err	err	err	err	err	err	err	err	err	err	err	err	err	err	err	err	err	err	err	err	err	err	err	err	err	err	err	s35	s31	s27	s46	err	err	s44	s45	err	err	err	err	err	err	err	err	err	err	err	err	err	err	err	err	err	err	err	err	172	75	52	40	37	23	36	41	26	33	29	38	42	51	101	43	err	
167	err	s28	s34	err	err	err	err	err	err	err	err	err	s134	s173	s143	err	s144	err	s150	s140	s146	s141	s145	err	err	err	err	err	err	err	err	err	err	err	err	err	err	err	err	err	err	err	s35	s31	s27	s46	err	err	s44	s45	err	err	err	err	err	err	err	err	err	err	err	142	err	err	err	165	154	149	155	156	139	75	52	40	37	23	36	41	26	33	29	38	42	51	101	43	err	
168	err	r28	r28	err	r28	r28	r28	r28	r28	err	err	err	r28	err	r28	err	r28	err	r28	r28	r28	r28	r28	err	err	err	err	err	err	err	err	err	err	err	err	err	err	err	err	err	err	err	r28	r28	r28	r28	err	err	r28	r28	err	err	err	err	err	err	err	err	err	err	err	err	err	err	err	err	err	err	err	err	err	err	err	err	err	err	err	err	err	err	err	err	err	err	err	err	err	
169	err	s28	s34	err	err	err	err	err	err	err	err	err	err	err	s143	err	err	err	err	err	err	err	err	err	err	err	err	err	err	err	err	err	err	err	err	err	err	err	err	err	err	err	s35	s31	s27	s46	err	err	s44	s45	err	err	err	err	err	err	err	err	err	err	err	err	err	err	err	err	174	err	err	err	139	75	52	40	37	23	36	41	26	33	29	38	42	51	101	43	err	
170	err	err	err	s175	err	err	err	err	err	err	err	s111	err	err	err	err	err	err	err	err	err	err	err	err	err	err	err	err	err	err	err	err	err	err	err	err	err	err	err	err	err	err	err	err	err	err	err	err	err	err	err	err	err	err	err	err	err	err	err	err	err	err	err	err	err	err	err	err	err	err	err	err	err	err	err	err	err	err	err	err	err	err	err	err	err	err	err	
171	err	r48	r48	err	err	err	err	err	err	err	err	err	r48	r48	r48	err	r48	r48	r48	r48	r48	r48	r48	err	err	err	err	err	err	err	err	err	err	err	err	err	err	err	err	err	err	err	r48	r48	r48	r48	err	err	r48	r48	err	err	err	err	err	err	err	err	err	err	err	err	err	err	err	err	err	err	err	err	err	err	err	err	err	err	err	err	err	err	err	err	err	err	err	err	err	
172	err	err	err	s176	err	err	err	err	err	err	err	s111	err	err	err	err	err	err	err	err	err	err	err	err	err	err	err	err	err	err	err	err	err	err	err	err	err	err	err	err	err	err	err	err	err	err	err	err	err	err	err	err	err	err	err	err	err	err	err	err	err	err	err	err	err	err	err	err	err	err	err	err	err	err	err	err	err	err	err	err	err	err	err	err	err	err	err	
173	r26	r26	r26	err	r26	r26	r26	r26	r26	err	err	err	r26	r26	r26	err	r26	r26	r26	r26	r26	r26	r26	err	err	err	err	err	err	err	err	err	err	err	err	err	err	err	err	err	err	err	r26	r26	r26	r26	err	err	r26	r26	err	err	err	err	err	err	err	err	err	err	err	err	err	err	err	err	err	err	err	err	err	err	err	err	err	err	err	err	err	err	err	err	err	err	err	err	err	
174	err	s28	s34	s178	err	err	err	err	err	err	err	err	err	err	err	err	err	err	err	err	err	err	err	err	err	err	err	err	err	err	err	err	err	err	err	err	err	err	err	err	err	err	s35	s31	s27	s46	err	err	s44	s45	err	err	err	err	err	err	err	err	err	err	err	err	err	err	err	err	err	err	err	err	177	75	52	40	37	23	36	41	26	33	29	38	42	51	101	43	err	
175	err	s28	s34	err	err	err	err	err	err	err	err	err	s134	err	s143	err	s144	err	s150	s140	s146	s141	s145	err	err	err	err	err	err	err	err	err	err	err	err	err	err	err	err	err	err	err	s35	s31	s27	s46	err	err	s44	s45	err	err	err	err	err	err	err	err	err	err	err	142	err	err	err	179	154	149	155	156	139	75	52	40	37	23	36	41	26	33	29	38	42	51	101	43	err	
176	err	s28	s34	err	err	err	err	err	err	err	err	err	s134	err	s143	err	s144	err	s150	s140	s146	s141	s145	err	err	err	err	err	err	err	err	err	err	err	err	err	err	err	err	err	err	err	s35	s31	s27	s46	err	err	s44	s45	err	err	err	err	err	err	err	err	err	err	err	142	err	err	err	180	154	149	155	156	139	75	52	40	37	23	36	41	26	33	29	38	42	51	101	43	err	
177	err	err	err	s181	err	err	err	err	err	err	err	s111	err	err	err	err	err	err	err	err	err	err	err	err	err	err	err	err	err	err	err	err	err	err	err	err	err	err	err	err	err	err	err	err	err	err	err	err	err	err	err	err	err	err	err	err	err	err	err	err	err	err	err	err	err	err	err	err	err	err	err	err	err	err	err	err	err	err	err	err	err	err	err	err	err	err	err	
178	err	s28	s34	err	err	err	err	err	err	err	err	err	s134	err	s143	err	s144	err	s150	s140	s146	s141	s145	err	err	err	err	err	err	err	err	err	err	err	err	err	err	err	err	err	err	err	s35	s31	s27	s46	err	err	s44	s45	err	err	err	err	err	err	err	err	err	err	err	142	err	err	err	182	154	149	155	156	139	75	52	40	37	23	36	41	26	33	29	38	42	51	101	43	err	
179	err	r40	r40	err	err	err	err	err	err	err	err	err	r40	r40	r40	err	r40	r40	r40	r40	r40	r40	r40	err	err	err	err	err	err	err	err	err	err	err	err	err	err	err	err	err	err	err	r40	r40	r40	r40	err	err	r40	r40	err	err	err	err	err	err	err	err	err	err	err	err	err	err	err	err	err	err	err	err	err	err	err	err	err	err	err	err	err	err	err	err	err	err	err	err	err	
180	err	r42	r42	err	err	err	err	err	err	err	err	err	r42	r42	r42	err	r42	r42	r42	r42	r42	r42	r42	err	err	err	err	err	err	err	err	err	err	err	err	err	err	err	err	err	err	err	r42	r42	r42	r42	err	err	r42	r42	err	err	err	err	err	err	err	err	err	err	err	err	err	err	err	err	err	err	err	err	err	err	err	err	err	err	err	err	err	err	err	err	err	err	err	err	err	
181	err	s28	s34	err	err	err	err	err	err	err	err	err	s134	err	s143	err	s144	err	s150	s140	s146	s141	s145	err	err	err	err	err	err	err	err	err	err	err	err	err	err	err	err	err	err	err	s35	s31	s27	s46	err	err	s44	s45	err	err	err	err	err	err	err	err	err	err	err	142	err	err	err	184	154	149	155	156	139	75	52	40	37	23	36	41	26	33	29	38	42	51	101	43	err	
182	err	r43	r43	err	err	err	err	err	err	err	err	err	r43	r43	r43	err	r43	r43	r43	r43	r43	r43	r43	err	err	err	err	err	err	err	err	err	err	err	err	err	err	err	err	err	err	err	r43	r43	r43	r43	err	err	r43	r43	err	err	err	err	err	err	err	err	err	err	err	err	err	err	err	err	err	err	err	err	err	err	err	err	err	err	err	err	err	err	err	err	err	err	err	err	err	
183	err	s28	s34	err	err	err	err	err	err	err	err	err	s134	err	s143	err	s144	err	s150	s140	s146	s141	s145	err	err	err	err	err	err	err	err	err	err	err	err	err	err	err	err	err	err	err	s35	s31	s27	s46	err	err	s44	s45	err	err	err	err	err	err	err	err	err	err	err	142	err	err	err	185	154	149	155	156	139	75	52	40	37	23	36	41	26	33	29	38	42	51	101	43	err	
184	err	r44	r44	err	err	err	err	err	err	err	err	err	r44	r44	r44	err	r44	r44	r44	r44	r44	r44	r44	err	err	err	err	err	err	err	err	err	err	err	err	err	err	err	err	err	err	err	r44	r44	r44	r44	err	err	r44	r44	err	err	err	err	err	err	err	err	err	err	err	err	err	err	err	err	err	err	err	err	err	err	err	err	err	err	err	err	err	err	err	err	err	err	err	err	err	
185	err	r41	r41	err	err	err	err	err	err	err	err	err	r41	r41	r41	err	r41	r41	r41	r41	r41	r41	r41	err	err	err	err	err	err	err	err	err	err	err	err	err	err	err	err	err	err	err	r41	r41	r41	r41	err	err	r41	r41	err	err	err	err	err	err	err	err	err	err	err	err	err	err	err	err	err	err	err	err	err	err	err	err	err	err	err	err	err	err	err	err	err	err	err	err	err	
