State	$	ID	;	[	]	int	float	char	double	(	)	if	else	while	for	return	=	<	>	<=	>=	==	!=	+	-	*	/	NUM	void	%	!	&&	&	==	||	{	}	comma	program	declaration_list	declaration	var_declaration	type_specifier	fun_declaration	params	param_list	param	compound_stmt	local_declarations	statement_list	statement	expression_stmt	selection_stmt	iteration_stmt	return_stmt	expression	var	simple_expression	relop	additive_expression	addop	term	mulop	factor	call	args	arg_list	
0	err	err	err	err	err	s10	s7	s5	s2	err	err	err	err	err	err	err	err	err	err	err	err	err	err	err	err	err	err	err	err	err	err	err	err	err	err	err	err	err	6	9	3	8	1	4	err	err	err	err	err	err	err	err	err	err	err	err	err	err	err	err	err	err	err	err	err	err	err	
1	err	s11	err	err	err	err	err	err	err	err	err	err	err	err	err	err	err	err	err	err	err	err	err	err	err	err	err	err	err	err	err	err	err	err	err	err	err	err	err	err	err	err	err	err	err	err	err	err	err	err	err	err	err	err	err	err	err	err	err	err	err	err	err	err	err	err	err	
2	err	r10	err	err	err	err	err	err	err	err	err	err	err	err	err	err	err	err	err	err	err	err	err	err	err	err	err	err	err	err	err	err	err	err	err	err	err	err	err	err	err	err	err	err	err	err	err	err	err	err	err	err	err	err	err	err	err	err	err	err	err	err	err	err	err	err	err	
3	r2	err	err	err	err	r2	r2	r2	r2	err	err	err	err	err	err	err	err	err	err	err	err	err	err	err	err	err	err	err	err	err	err	err	err	err	err	err	err	err	err	err	err	err	err	err	err	err	err	err	err	err	err	err	err	err	err	err	err	err	err	err	err	err	err	err	err	err	err	
4	r4	err	err	err	err	r4	r4	r4	r4	err	err	err	err	err	err	err	err	err	err	err	err	err	err	err	err	err	err	err	err	err	err	err	err	err	err	err	err	err	err	err	err	err	err	err	err	err	err	err	err	err	err	err	err	err	err	err	err	err	err	err	err	err	err	err	err	err	err	
5	err	r9	err	err	err	err	err	err	err	err	err	err	err	err	err	err	err	err	err	err	err	err	err	err	err	err	err	err	err	err	err	err	err	err	err	err	err	err	err	err	err	err	err	err	err	err	err	err	err	err	err	err	err	err	err	err	err	err	err	err	err	err	err	err	err	err	err	
6	err	err	err	err	err	err	err	err	err	err	err	err	err	err	err	err	err	err	err	err	err	err	err	err	err	err	err	err	err	err	err	err	err	err	err	err	err	err	err	err	err	err	err	err	err	err	err	err	err	err	err	err	err	err	err	err	err	err	err	err	err	err	err	err	err	err	err	
7	err	r8	err	err	err	err	err	err	err	err	err	err	err	err	err	err	err	err	err	err	err	err	err	err	err	err	err	err	err	err	err	err	err	err	err	err	err	err	err	err	err	err	err	err	err	err	err	err	err	err	err	err	err	err	err	err	err	err	err	err	err	err	err	err	err	err	err	
8	r3	err	err	err	err	r3	r3	r3	r3	err	err	err	err	err	err	err	err	err	err	err	err	err	err	err	err	err	err	err	err	err	err	err	err	err	err	err	err	err	err	err	err	err	err	err	err	err	err	err	err	err	err	err	err	err	err	err	err	err	err	err	err	err	err	err	err	err	err	
9	r0	err	err	err	err	s10	s7	s5	s2	err	err	err	err	err	err	err	err	err	err	err	err	err	err	err	err	err	err	err	err	err	err	err	err	err	err	err	err	err	err	err	12	8	1	4	err	err	err	err	err	err	err	err	err	err	err	err	err	err	err	err	err	err	err	err	err	err	err	
10	err	r7	err	err	err	err	err	err	err	err	err	err	err	err	err	err	err	err	err	err	err	err	err	err	err	err	err	err	err	err	err	err	err	err	err	err	err	err	err	err	err	err	err	err	err	err	err	err	err	err	err	err	err	err	err	err	err	err	err	err	err	err	err	err	err	err	err	
11	err	err	s15	s13	err	err	err	err	err	s14	err	err	err	err	err	err	err	err	err	err	err	err	err	err	err	err	err	err	err	err	err	err	err	err	err	err	err	err	err	err	err	err	err	err	err	err	err	err	err	err	err	err	err	err	err	err	err	err	err	err	err	err	err	err	err	err	err	
12	err	err	err	err	err	err	err	err	err	err	err	err	err	err	err	err	err	err	err	err	err	err	err	err	err	err	err	err	err	err	err	err	err	err	err	err	err	err	err	err	err	err	err	err	err	err	err	err	err	err	err	err	err	err	err	err	err	err	err	err	err	err	err	err	err	err	err	
13	err	err	err	err	err	err	err	err	err	err	err	err	err	err	err	err	err	err	err	err	err	err	err	err	err	err	err	s16	err	err	err	err	err	err	err	err	err	err	err	err	err	err	err	err	err	err	err	err	err	err	err	err	err	err	err	err	err	err	err	err	err	err	err	err	err	err	err	
14	err	err	err	err	err	s10	s7	s5	s2	err	err	err	err	err	err	err	err	err	err	err	err	err	err	err	err	err	err	err	s20	err	err	err	err	err	err	err	err	err	err	err	err	err	18	err	21	17	19	err	err	err	err	err	err	err	err	err	err	err	err	err	err	err	err	err	err	err	err	
15	err	err	err	err	err	err	err	err	err	err	err	err	err	err	err	err	err	err	err	err	err	err	err	err	err	err	err	err	err	err	err	err	err	err	err	err	err	err	err	err	err	err	err	err	err	err	err	err	err	err	err	err	err	err	err	err	err	err	err	err	err	err	err	err	err	err	err	
16	err	err	err	err	s22	err	err	err	err	err	err	err	err	err	err	err	err	err	err	err	err	err	err	err	err	err	err	err	err	err	err	err	err	err	err	err	err	err	err	err	err	err	err	err	err	err	err	err	err	err	err	err	err	err	err	err	err	err	err	err	err	err	err	err	err	err	err	
17	err	err	err	err	err	err	err	err	err	err	err	err	err	err	err	err	err	err	err	err	err	err	err	err	err	err	err	err	err	err	err	err	err	err	err	err	err	s23	err	err	err	err	err	err	err	err	err	err	err	err	err	err	err	err	err	err	err	err	err	err	err	err	err	err	err	err	err	
18	err	s24	err	err	err	err	err	err	err	err	err	err	err	err	err	err	err	err	err	err	err	err	err	err	err	err	err	err	err	err	err	err	err	err	err	err	err	err	err	err	err	err	err	err	err	err	err	err	err	err	err	err	err	err	err	err	err	err	err	err	err	err	err	err	err	err	err	
19	err	err	err	err	err	err	err	err	err	err	err	err	err	err	err	err	err	err	err	err	err	err	err	err	err	err	err	err	err	err	err	err	err	err	err	err	err	err	err	err	err	err	err	err	err	err	err	err	err	err	err	err	err	err	err	err	err	err	err	err	err	err	err	err	err	err	err	
20	err	err	err	err	err	err	err	err	err	err	err	err	err	err	err	err	err	err	err	err	err	err	err	err	err	err	err	err	err	err	err	err	err	err	err	err	err	err	err	err	err	err	err	err	err	err	err	err	err	err	err	err	err	err	err	err	err	err	err	err	err	err	err	err	err	err	err	
21	err	err	err	err	err	err	err	err	err	err	s25	err	err	err	err	err	err	err	err	err	err	err	err	err	err	err	err	err	err	err	err	err	err	err	err	err	err	err	err	err	err	err	err	err	err	err	err	err	err	err	err	err	err	err	err	err	err	err	err	err	err	err	err	err	err	err	err	
22	err	err	s26	err	err	err	err	err	err	err	err	err	err	err	err	err	err	err	err	err	err	err	err	err	err	err	err	err	err	err	err	err	err	err	err	err	err	err	err	err	err	err	err	err	err	err	err	err	err	err	err	err	err	err	err	err	err	err	err	err	err	err	err	err	err	err	err	
23	err	err	err	err	err	s10	s7	s5	s2	err	err	err	err	err	err	err	err	err	err	err	err	err	err	err	err	err	err	err	err	err	err	err	err	err	err	err	err	err	err	err	err	err	18	err	err	err	27	err	err	err	err	err	err	err	err	err	err	err	err	err	err	err	err	err	err	err	err	
24	err	err	err	s28	err	err	err	err	err	err	err	err	err	err	err	err	err	err	err	err	err	err	err	err	err	err	err	err	err	err	err	err	err	err	err	err	err	err	err	err	err	err	err	err	err	err	err	err	err	err	err	err	err	err	err	err	err	err	err	err	err	err	err	err	err	err	err	
25	err	err	err	err	err	err	err	err	err	err	err	err	err	err	err	err	err	err	err	err	err	err	err	err	err	err	err	err	err	err	err	err	err	err	err	s30	err	err	err	err	err	err	err	err	err	err	err	29	err	err	err	err	err	err	err	err	err	err	err	err	err	err	err	err	err	err	err	
26	err	err	err	err	err	err	err	err	err	err	err	err	err	err	err	err	err	err	err	err	err	err	err	err	err	err	err	err	err	err	err	err	err	err	err	err	err	err	err	err	err	err	err	err	err	err	err	err	err	err	err	err	err	err	err	err	err	err	err	err	err	err	err	err	err	err	err	
27	err	err	err	err	err	err	err	err	err	err	err	err	err	err	err	err	err	err	err	err	err	err	err	err	err	err	err	err	err	err	err	err	err	err	err	err	err	err	err	err	err	err	err	err	err	err	err	err	err	err	err	err	err	err	err	err	err	err	err	err	err	err	err	err	err	err	err	
28	err	err	err	err	s31	err	err	err	err	err	err	err	err	err	err	err	err	err	err	err	err	err	err	err	err	err	err	err	err	err	err	err	err	err	err	err	err	err	err	err	err	err	err	err	err	err	err	err	err	err	err	err	err	err	err	err	err	err	err	err	err	err	err	err	err	err	err	
29	err	err	err	err	err	err	err	err	err	err	err	err	err	err	err	err	err	err	err	err	err	err	err	err	err	err	err	err	err	err	err	err	err	err	err	err	err	err	err	err	err	err	err	err	err	err	err	err	err	err	err	err	err	err	err	err	err	err	err	err	err	err	err	err	err	err	err	
30	err	err	err	err	err	err	err	err	err	err	err	err	err	err	err	err	err	err	err	err	err	err	err	err	err	err	err	err	err	err	err	err	err	err	err	err	err	err	err	err	err	err	err	err	err	err	err	err	32	err	err	err	err	err	err	err	err	err	err	err	err	err	err	err	err	err	err	
31	err	err	err	err	err	err	err	err	err	err	err	err	err	err	err	err	err	err	err	err	err	err	err	err	err	err	err	err	err	err	err	err	err	err	err	err	err	err	err	err	err	err	err	err	err	err	err	err	err	err	err	err	err	err	err	err	err	err	err	err	err	err	err	err	err	err	err	
32	err	s45	s47	err	err	s10	s7	s5	s2	s34	err	s52	err	s51	s38	s35	err	err	err	err	err	err	err	err	err	err	err	s53	err	err	err	err	err	err	err	s30	err	err	err	err	err	48	33	err	err	err	err	54	err	41	46	50	55	40	42	36	49	44	err	39	err	56	err	37	43	err	err	
33	err	s57	err	err	err	err	err	err	err	err	err	err	err	err	err	err	err	err	err	err	err	err	err	err	err	err	err	err	err	err	err	err	err	err	err	err	err	err	err	err	err	err	err	err	err	err	err	err	err	err	err	err	err	err	err	err	err	err	err	err	err	err	err	err	err	err	err	
34	err	s45	err	err	err	err	err	err	err	s34	err	err	err	err	err	err	err	err	err	err	err	err	err	err	err	err	err	s53	err	err	err	err	err	err	err	err	err	err	err	err	err	err	err	err	err	err	err	err	err	err	err	err	err	err	err	58	49	44	err	39	err	56	err	37	43	err	err	
35	err	s45	s59	err	err	err	err	err	err	s34	err	err	err	err	err	err	err	err	err	err	err	err	err	err	err	err	err	s53	err	err	err	err	err	err	err	err	err	err	err	err	err	err	err	err	err	err	err	err	err	err	err	err	err	err	err	60	49	44	err	39	err	56	err	37	43	err	err	
36	err	err	s61	err	err	err	err	err	err	err	err	err	err	err	err	err	err	err	err	err	err	err	err	err	err	err	err	err	err	err	err	err	err	err	err	err	err	err	err	err	err	err	err	err	err	err	err	err	err	err	err	err	err	err	err	err	err	err	err	err	err	err	err	err	err	err	err	
37	err	err	err	err	err	err	err	err	err	err	err	err	err	err	err	err	err	err	err	err	err	err	err	err	err	err	err	err	err	err	err	err	err	err	err	err	err	err	err	err	err	err	err	err	err	err	err	err	err	err	err	err	err	err	err	err	err	err	err	err	err	err	err	err	err	err	err	
38	err	err	err	err	err	err	err	err	err	s62	err	err	err	err	err	err	err	err	err	err	err	err	err	err	err	err	err	err	err	err	err	err	err	err	err	err	err	err	err	err	err	err	err	err	err	err	err	err	err	err	err	err	err	err	err	err	err	err	err	err	err	err	err	err	err	err	err	
39	err	err	err	err	err	err	err	err	err	err	err	err	err	err	err	err	err	s70	s67	s65	s68	err	s71	s66	s69	err	err	err	err	err	err	err	err	s64	err	err	err	err	err	err	err	err	err	err	err	err	err	err	err	err	err	err	err	err	err	err	err	err	63	err	72	err	err	err	err	err	err	
40	err	err	err	err	err	err	err	err	err	err	err	err	err	err	err	err	err	err	err	err	err	err	err	err	err	err	err	err	err	err	err	err	err	err	err	err	err	err	err	err	err	err	err	err	err	err	err	err	err	err	err	err	err	err	err	err	err	err	err	err	err	err	err	err	err	err	err	
41	err	err	err	err	err	err	err	err	err	err	err	err	err	err	err	err	err	err	err	err	err	err	err	err	err	err	err	err	err	err	err	err	err	err	err	err	s73	err	err	err	err	err	err	err	err	err	err	err	err	err	err	err	err	err	err	err	err	err	err	err	err	err	err	err	err	err	err	
42	err	err	err	err	err	err	err	err	err	err	err	err	err	err	err	err	err	err	err	err	err	err	err	err	err	err	err	err	err	err	err	err	err	err	err	err	err	err	err	err	err	err	err	err	err	err	err	err	err	err	err	err	err	err	err	err	err	err	err	err	err	err	err	err	err	err	err	
43	err	err	err	err	err	err	err	err	err	err	err	err	err	err	err	err	err	err	err	err	err	err	err	err	err	err	err	err	err	err	err	err	err	err	err	err	err	err	err	err	err	err	err	err	err	err	err	err	err	err	err	err	err	err	err	err	err	err	err	err	err	err	err	err	err	err	err	
44	err	err	err	err	err	err	err	err	err	err	err	err	err	err	err	err	err	err	err	err	err	err	err	err	err	err	err	err	err	err	err	err	err	err	err	err	err	err	err	err	err	err	err	err	err	err	err	err	err	err	err	err	err	err	err	err	err	err	err	err	err	err	err	err	err	err	err	
45	err	err	err	s74	err	err	err	err	err	s75	err	err	err	err	err	err	err	err	err	err	err	err	err	err	err	err	err	err	err	err	err	err	err	err	err	err	err	err	err	err	err	err	err	err	err	err	err	err	err	err	err	err	err	err	err	err	err	err	err	err	err	err	err	err	err	err	err	
46	err	s45	s47	err	err	err	err	err	err	s34	err	s52	err	s51	s38	s35	err	err	err	err	err	err	err	err	err	err	err	s53	err	err	err	err	err	err	err	s30	err	err	err	err	err	err	err	err	err	err	err	54	err	76	46	50	55	40	42	36	49	44	err	39	err	56	err	37	43	err	err	
47	err	err	err	err	err	err	err	err	err	err	err	err	err	err	err	err	err	err	err	err	err	err	err	err	err	err	err	err	err	err	err	err	err	err	err	err	err	err	err	err	err	err	err	err	err	err	err	err	err	err	err	err	err	err	err	err	err	err	err	err	err	err	err	err	err	err	err	
48	err	err	err	err	err	err	err	err	err	err	err	err	err	err	err	err	err	err	err	err	err	err	err	err	err	err	err	err	err	err	err	err	err	err	err	err	err	err	err	err	err	err	err	err	err	err	err	err	err	err	err	err	err	err	err	err	err	err	err	err	err	err	err	err	err	err	err	
49	err	err	err	err	err	err	err	err	err	err	err	err	err	err	err	err	s77	err	err	err	err	err	err	err	err	err	err	err	err	err	err	err	err	err	err	err	err	err	err	err	err	err	err	err	err	err	err	err	err	err	err	err	err	err	err	err	err	err	err	err	err	err	err	err	err	err	err	
50	err	err	err	err	err	err	err	err	err	err	err	err	err	err	err	err	err	err	err	err	err	err	err	err	err	err	err	err	err	err	err	err	err	err	err	err	err	err	err	err	err	err	err	err	err	err	err	err	err	err	err	err	err	err	err	err	err	err	err	err	err	err	err	err	err	err	err	
51	err	err	err	err	err	err	err	err	err	s78	err	err	err	err	err	err	err	err	err	err	err	err	err	err	err	err	err	err	err	err	err	err	err	err	err	err	err	err	err	err	err	err	err	err	err	err	err	err	err	err	err	err	err	err	err	err	err	err	err	err	err	err	err	err	err	err	err	
52	err	err	err	err	err	err	err	err	err	s79	err	err	err	err	err	err	err	err	err	err	err	err	err	err	err	err	err	err	err	err	err	err	err	err	err	err	err	err	err	err	err	err	err	err	err	err	err	err	err	err	err	err	err	err	err	err	err	err	err	err	err	err	err	err	err	err	err	
53	err	err	err	err	err	err	err	err	err	err	err	err	err	err	err	err	err	err	err	err	err	err	err	err	err	err	err	err	err	err	err	err	err	err	err	err	err	err	err	err	err	err	err	err	err	err	err	err	err	err	err	err	err	err	err	err	err	err	err	err	err	err	err	err	err	err	err	
54	err	err	err	err	err	err	err	err	err	err	err	err	err	err	err	err	err	err	err	err	err	err	err	err	err	err	err	err	err	err	err	err	err	err	err	err	err	err	err	err	err	err	err	err	err	err	err	err	err	err	err	err	err	err	err	err	err	err	err	err	err	err	err	err	err	err	err	
55	err	err	err	err	err	err	err	err	err	err	err	err	err	err	err	err	err	err	err	err	err	err	err	err	err	err	err	err	err	err	err	err	err	err	err	err	err	err	err	err	err	err	err	err	err	err	err	err	err	err	err	err	err	err	err	err	err	err	err	err	err	err	err	err	err	err	err	
56	err	err	err	err	err	err	err	err	err	err	err	err	err	err	err	err	err	err	err	err	err	err	err	err	err	s80	s82	err	err	err	err	err	err	err	err	err	err	err	err	err	err	err	err	err	err	err	err	err	err	err	err	err	err	err	err	err	err	err	err	err	err	err	81	err	err	err	err	
57	err	err	s15	s13	err	err	err	err	err	err	err	err	err	err	err	err	err	err	err	err	err	err	err	err	err	err	err	err	err	err	err	err	err	err	err	err	err	err	err	err	err	err	err	err	err	err	err	err	err	err	err	err	err	err	err	err	err	err	err	err	err	err	err	err	err	err	err	
58	err	err	err	err	err	err	err	err	err	err	s83	err	err	err	err	err	err	err	err	err	err	err	err	err	err	err	err	err	err	err	err	err	err	err	err	err	err	err	err	err	err	err	err	err	err	err	err	err	err	err	err	err	err	err	err	err	err	err	err	err	err	err	err	err	err	err	err	
59	err	err	err	err	err	err	err	err	err	err	err	err	err	err	err	err	err	err	err	err	err	err	err	err	err	err	err	err	err	err	err	err	err	err	err	err	err	err	err	err	err	err	err	err	err	err	err	err	err	err	err	err	err	err	err	err	err	err	err	err	err	err	err	err	err	err	err	
60	err	err	s84	err	err	err	err	err	err	err	err	err	err	err	err	err	err	err	err	err	err	err	err	err	err	err	err	err	err	err	err	err	err	err	err	err	err	err	err	err	err	err	err	err	err	err	err	err	err	err	err	err	err	err	err	err	err	err	err	err	err	err	err	err	err	err	err	
61	err	err	err	err	err	err	err	err	err	err	err	err	err	err	err	err	err	err	err	err	err	err	err	err	err	err	err	err	err	err	err	err	err	err	err	err	err	err	err	err	err	err	err	err	err	err	err	err	err	err	err	err	err	err	err	err	err	err	err	err	err	err	err	err	err	err	err	
62	err	s45	err	err	err	err	err	err	err	s34	err	err	err	err	err	err	err	err	err	err	err	err	err	err	err	err	err	s53	err	err	err	err	err	err	err	err	err	err	err	err	err	err	err	err	err	err	err	err	err	err	err	err	err	err	err	85	49	44	err	39	err	56	err	37	43	err	err	
63	err	s45	err	err	err	err	err	err	err	s34	err	err	err	err	err	err	err	err	err	err	err	err	err	err	err	err	err	s53	err	err	err	err	err	err	err	err	err	err	err	err	err	err	err	err	err	err	err	err	err	err	err	err	err	err	err	err	86	err	err	87	err	56	err	37	43	err	err	
64	err	err	err	err	err	err	err	err	err	err	err	err	err	err	err	err	err	err	err	err	err	err	err	err	err	err	err	err	err	err	err	err	err	err	err	err	err	err	err	err	err	err	err	err	err	err	err	err	err	err	err	err	err	err	err	err	err	err	err	err	err	err	err	err	err	err	err	
65	err	err	err	err	err	err	err	err	err	err	err	err	err	err	err	err	err	err	err	err	err	err	err	err	err	err	err	err	err	err	err	err	err	err	err	err	err	err	err	err	err	err	err	err	err	err	err	err	err	err	err	err	err	err	err	err	err	err	err	err	err	err	err	err	err	err	err	
66	err	err	err	err	err	err	err	err	err	err	err	err	err	err	err	err	err	err	err	err	err	err	err	err	err	err	err	err	err	err	err	err	err	err	err	err	err	err	err	err	err	err	err	err	err	err	err	err	err	err	err	err	err	err	err	err	err	err	err	err	err	err	err	err	err	err	err	
67	err	err	err	err	err	err	err	err	err	err	err	err	err	err	err	err	err	err	err	err	err	err	err	err	err	err	err	err	err	err	err	err	err	err	err	err	err	err	err	err	err	err	err	err	err	err	err	err	err	err	err	err	err	err	err	err	err	err	err	err	err	err	err	err	err	err	err	
68	err	err	err	err	err	err	err	err	err	err	err	err	err	err	err	err	err	err	err	err	err	err	err	err	err	err	err	err	err	err	err	err	err	err	err	err	err	err	err	err	err	err	err	err	err	err	err	err	err	err	err	err	err	err	err	err	err	err	err	err	err	err	err	err	err	err	err	
69	err	err	err	err	err	err	err	err	err	err	err	err	err	err	err	err	err	err	err	err	err	err	err	err	err	err	err	err	err	err	err	err	err	err	err	err	err	err	err	err	err	err	err	err	err	err	err	err	err	err	err	err	err	err	err	err	err	err	err	err	err	err	err	err	err	err	err	
70	err	err	err	err	err	err	err	err	err	err	err	err	err	err	err	err	err	err	err	err	err	err	err	err	err	err	err	err	err	err	err	err	err	err	err	err	err	err	err	err	err	err	err	err	err	err	err	err	err	err	err	err	err	err	err	err	err	err	err	err	err	err	err	err	err	err	err	
71	err	err	err	err	err	err	err	err	err	err	err	err	err	err	err	err	err	err	err	err	err	err	err	err	err	err	err	err	err	err	err	err	err	err	err	err	err	err	err	err	err	err	err	err	err	err	err	err	err	err	err	err	err	err	err	err	err	err	err	err	err	err	err	err	err	err	err	
72	err	s45	err	err	err	err	err	err	err	s34	err	err	err	err	err	err	err	err	err	err	err	err	err	err	err	err	err	s53	err	err	err	err	err	err	err	err	err	err	err	err	err	err	err	err	err	err	err	err	err	err	err	err	err	err	err	err	86	err	err	err	err	88	err	37	43	err	err	
73	err	err	err	err	err	err	err	err	err	err	err	err	err	err	err	err	err	err	err	err	err	err	err	err	err	err	err	err	err	err	err	err	err	err	err	err	err	err	err	err	err	err	err	err	err	err	err	err	err	err	err	err	err	err	err	err	err	err	err	err	err	err	err	err	err	err	err	
74	err	s45	err	err	err	err	err	err	err	s34	err	err	err	err	err	err	err	err	err	err	err	err	err	err	err	err	err	s53	err	err	err	err	err	err	err	err	err	err	err	err	err	err	err	err	err	err	err	err	err	err	err	err	err	err	err	89	49	44	err	39	err	56	err	37	43	err	err	
75	err	s45	err	err	err	err	err	err	err	s34	err	err	err	err	err	err	err	err	err	err	err	err	err	err	err	err	err	s53	err	err	err	err	err	err	err	err	err	err	err	err	err	err	err	err	err	err	err	err	err	err	err	err	err	err	err	91	49	44	err	39	err	56	err	37	43	err	90	
76	err	err	err	err	err	err	err	err	err	err	err	err	err	err	err	err	err	err	err	err	err	err	err	err	err	err	err	err	err	err	err	err	err	err	err	err	err	err	err	err	err	err	err	err	err	err	err	err	err	err	err	err	err	err	err	err	err	err	err	err	err	err	err	err	err	err	err	
77	err	s45	err	err	err	err	err	err	err	s34	err	err	err	err	err	err	err	err	err	err	err	err	err	err	err	err	err	s53	err	err	err	err	err	err	err	err	err	err	err	err	err	err	err	err	err	err	err	err	err	err	err	err	err	err	err	92	49	44	err	39	err	56	err	37	43	err	err	
78	err	s45	err	err	err	err	err	err	err	s34	err	err	err	err	err	err	err	err	err	err	err	err	err	err	err	err	err	s53	err	err	err	err	err	err	err	err	err	err	err	err	err	err	err	err	err	err	err	err	err	err	err	err	err	err	err	93	49	44	err	39	err	56	err	37	43	err	err	
79	err	s45	err	err	err	err	err	err	err	s34	err	err	err	err	err	err	err	err	err	err	err	err	err	err	err	err	err	s53	err	err	err	err	err	err	err	err	err	err	err	err	err	err	err	err	err	err	err	err	err	err	err	err	err	err	err	94	49	44	err	39	err	56	err	37	43	err	err	
80	err	err	err	err	err	err	err	err	err	err	err	err	err	err	err	err	err	err	err	err	err	err	err	err	err	err	err	err	err	err	err	err	err	err	err	err	err	err	err	err	err	err	err	err	err	err	err	err	err	err	err	err	err	err	err	err	err	err	err	err	err	err	err	err	err	err	err	
81	err	s45	err	err	err	err	err	err	err	s34	err	err	err	err	err	err	err	err	err	err	err	err	err	err	err	err	err	s53	err	err	err	err	err	err	err	err	err	err	err	err	err	err	err	err	err	err	err	err	err	err	err	err	err	err	err	err	86	err	err	err	err	err	err	95	43	err	err	
82	err	err	err	err	err	err	err	err	err	err	err	err	err	err	err	err	err	err	err	err	err	err	err	err	err	err	err	err	err	err	err	err	err	err	err	err	err	err	err	err	err	err	err	err	err	err	err	err	err	err	err	err	err	err	err	err	err	err	err	err	err	err	err	err	err	err	err	
83	err	err	err	err	err	err	err	err	err	err	err	err	err	err	err	err	err	err	err	err	err	err	err	err	err	err	err	err	err	err	err	err	err	err	err	err	err	err	err	err	err	err	err	err	err	err	err	err	err	err	err	err	err	err	err	err	err	err	err	err	err	err	err	err	err	err	err	
84	err	err	err	err	err	err	err	err	err	err	err	err	err	err	err	err	err	err	err	err	err	err	err	err	err	err	err	err	err	err	err	err	err	err	err	err	err	err	err	err	err	err	err	err	err	err	err	err	err	err	err	err	err	err	err	err	err	err	err	err	err	err	err	err	err	err	err	
85	err	err	s96	err	err	err	err	err	err	err	err	err	err	err	err	err	err	err	err	err	err	err	err	err	err	err	err	err	err	err	err	err	err	err	err	err	err	err	err	err	err	err	err	err	err	err	err	err	err	err	err	err	err	err	err	err	err	err	err	err	err	err	err	err	err	err	err	
86	err	err	err	err	err	err	err	err	err	err	err	err	err	err	err	err	err	err	err	err	err	err	err	err	err	err	err	err	err	err	err	err	err	err	err	err	err	err	err	err	err	err	err	err	err	err	err	err	err	err	err	err	err	err	err	err	err	err	err	err	err	err	err	err	err	err	err	
87	err	err	err	err	err	err	err	err	err	err	err	err	err	err	err	err	err	err	err	err	err	err	err	s66	s69	err	err	err	err	err	err	err	err	err	err	err	err	err	err	err	err	err	err	err	err	err	err	err	err	err	err	err	err	err	err	err	err	err	err	err	72	err	err	err	err	err	err	
88	err	err	err	err	err	err	err	err	err	err	err	err	err	err	err	err	err	err	err	err	err	err	err	err	err	s80	s82	err	err	err	err	err	err	err	err	err	err	err	err	err	err	err	err	err	err	err	err	err	err	err	err	err	err	err	err	err	err	err	err	err	err	err	81	err	err	err	err	
89	err	err	err	err	s97	err	err	err	err	err	err	err	err	err	err	err	err	err	err	err	err	err	err	err	err	err	err	err	err	err	err	err	err	err	err	err	err	err	err	err	err	err	err	err	err	err	err	err	err	err	err	err	err	err	err	err	err	err	err	err	err	err	err	err	err	err	err	
90	err	err	err	err	err	err	err	err	err	err	s98	err	err	err	err	err	err	err	err	err	err	err	err	err	err	err	err	err	err	err	err	err	err	err	err	err	err	s99	err	err	err	err	err	err	err	err	err	err	err	err	err	err	err	err	err	err	err	err	err	err	err	err	err	err	err	err	err	
91	err	err	err	err	err	err	err	err	err	err	err	err	err	err	err	err	err	err	err	err	err	err	err	err	err	err	err	err	err	err	err	err	err	err	err	err	err	err	err	err	err	err	err	err	err	err	err	err	err	err	err	err	err	err	err	err	err	err	err	err	err	err	err	err	err	err	err	
92	err	err	err	err	err	err	err	err	err	err	err	err	err	err	err	err	err	err	err	err	err	err	err	err	err	err	err	err	err	err	err	err	err	err	err	err	err	err	err	err	err	err	err	err	err	err	err	err	err	err	err	err	err	err	err	err	err	err	err	err	err	err	err	err	err	err	err	
93	err	err	err	err	err	err	err	err	err	err	s100	err	err	err	err	err	err	err	err	err	err	err	err	err	err	err	err	err	err	err	err	err	err	err	err	err	err	err	err	err	err	err	err	err	err	err	err	err	err	err	err	err	err	err	err	err	err	err	err	err	err	err	err	err	err	err	err	
94	err	err	err	err	err	err	err	err	err	err	s101	err	err	err	err	err	err	err	err	err	err	err	err	err	err	err	err	err	err	err	err	err	err	err	err	err	err	err	err	err	err	err	err	err	err	err	err	err	err	err	err	err	err	err	err	err	err	err	err	err	err	err	err	err	err	err	err	
95	err	err	err	err	err	err	err	err	err	err	err	err	err	err	err	err	err	err	err	err	err	err	err	err	err	err	err	err	err	err	err	err	err	err	err	err	err	err	err	err	err	err	err	err	err	err	err	err	err	err	err	err	err	err	err	err	err	err	err	err	err	err	err	err	err	err	err	
96	err	s45	err	err	err	err	err	err	err	s34	err	err	err	err	err	err	err	err	err	err	err	err	err	err	err	err	err	s53	err	err	err	err	err	err	err	err	err	err	err	err	err	err	err	err	err	err	err	err	err	err	err	err	err	err	err	102	49	44	err	39	err	56	err	37	43	err	err	
97	err	err	err	err	err	err	err	err	err	err	err	err	err	err	err	err	err	err	err	err	err	err	err	err	err	err	err	err	err	err	err	err	err	err	err	err	err	err	err	err	err	err	err	err	err	err	err	err	err	err	err	err	err	err	err	err	err	err	err	err	err	err	err	err	err	err	err	
98	err	err	err	err	err	err	err	err	err	err	err	err	err	err	err	err	err	err	err	err	err	err	err	err	err	err	err	err	err	err	err	err	err	err	err	err	err	err	err	err	err	err	err	err	err	err	err	err	err	err	err	err	err	err	err	err	err	err	err	err	err	err	err	err	err	err	err	
99	err	s45	err	err	err	err	err	err	err	s34	err	err	err	err	err	err	err	err	err	err	err	err	err	err	err	err	err	s53	err	err	err	err	err	err	err	err	err	err	err	err	err	err	err	err	err	err	err	err	err	err	err	err	err	err	err	103	49	44	err	39	err	56	err	37	43	err	err	
100	err	s45	s47	err	err	err	err	err	err	s34	err	s52	err	s51	s38	s35	err	err	err	err	err	err	err	err	err	err	err	s53	err	err	err	err	err	err	err	s30	err	err	err	err	err	err	err	err	err	err	err	54	err	err	104	50	55	40	42	36	49	44	err	39	err	56	err	37	43	err	err	
101	err	s45	s47	err	err	err	err	err	err	s34	err	s52	err	s51	s38	s35	err	err	err	err	err	err	err	err	err	err	err	s53	err	err	err	err	err	err	err	s30	err	err	err	err	err	err	err	err	err	err	err	54	err	err	105	50	55	40	42	36	49	44	err	39	err	56	err	37	43	err	err	
102	err	err	s106	err	err	err	err	err	err	err	err	err	err	err	err	err	err	err	err	err	err	err	err	err	err	err	err	err	err	err	err	err	err	err	err	err	err	err	err	err	err	err	err	err	err	err	err	err	err	err	err	err	err	err	err	err	err	err	err	err	err	err	err	err	err	err	err	
103	err	err	err	err	err	err	err	err	err	err	err	err	err	err	err	err	err	err	err	err	err	err	err	err	err	err	err	err	err	err	err	err	err	err	err	err	err	err	err	err	err	err	err	err	err	err	err	err	err	err	err	err	err	err	err	err	err	err	err	err	err	err	err	err	err	err	err	
104	err	err	err	err	err	err	err	err	err	err	err	err	err	err	err	err	err	err	err	err	err	err	err	err	err	err	err	err	err	err	err	err	err	err	err	err	err	err	err	err	err	err	err	err	err	err	err	err	err	err	err	err	err	err	err	err	err	err	err	err	err	err	err	err	err	err	err	
105	err	err	err	err	err	err	err	err	err	err	err	err	s107	err	err	err	err	err	err	err	err	err	err	err	err	err	err	err	err	err	err	err	err	err	err	err	err	err	err	err	err	err	err	err	err	err	err	err	err	err	err	err	err	err	err	err	err	err	err	err	err	err	err	err	err	err	err	
106	err	s45	err	err	err	err	err	err	err	s34	err	err	err	err	err	err	err	err	err	err	err	err	err	err	err	err	err	s53	err	err	err	err	err	err	err	err	err	err	err	err	err	err	err	err	err	err	err	err	err	err	err	err	err	err	err	108	49	44	err	39	err	56	err	37	43	err	err	
107	err	s45	s47	err	err	err	err	err	err	s34	err	s52	err	s51	s38	s35	err	err	err	err	err	err	err	err	err	err	err	s53	err	err	err	err	err	err	err	s30	err	err	err	err	err	err	err	err	err	err	err	54	err	err	109	50	55	40	42	36	49	44	err	39	err	56	err	37	43	err	err	
108	err	err	err	err	err	err	err	err	err	err	s110	err	err	err	err	err	err	err	err	err	err	err	err	err	err	err	err	err	err	err	err	err	err	err	err	err	err	err	err	err	err	err	err	err	err	err	err	err	err	err	err	err	err	err	err	err	err	err	err	err	err	err	err	err	err	err	err	
109	err	err	err	err	err	err	err	err	err	err	err	err	err	err	err	err	err	err	err	err	err	err	err	err	err	err	err	err	err	err	err	err	err	err	err	err	err	err	err	err	err	err	err	err	err	err	err	err	err	err	err	err	err	err	err	err	err	err	err	err	err	err	err	err	err	err	err	
110	err	err	err	err	err	err	err	err	err	err	err	err	err	err	err	err	err	err	err	err	err	err	err	err	err	err	err	err	err	err	err	err	err	err	err	err	err	err	err	err	err	err	err	err	err	err	err	err	err	err	err	err	err	err	err	err	err	err	err	err	err	err	err	err	err	err	err	
