State	$	import	.	id	;	comma	=	static	(	)	void	...	{	}	struct	union	TYPEDEF	[	]	INTEGER	*	-=	signed	unsigned	char	if	else	while	do	util	for	break	goto	continue	return	:	case	defult	switch	?	||	&&	==	!=	<	>	<=	>=	<<	>>	+	-	/	%	++	--	SIZEOF	!	~	&	->	CHARACTOR	STRING	FLOAT	+=	*=	/=	%=	const	bool	float	double	long	short	int	programe	import_staments	import_stament	NAME	name	top_defs	top_def	defvars	initial_parts	initial_part	optional_expr	storage	defun	params	fixed_params	param	kwargs	block	block_componets	defstruct	defunion	member_list	slots	typedef	type	type_postfix	param_typerefs	fixed_param_ref	opassign_op	primary_type	stmts	stmt	if_stmt	while_stmt	dowhile_stmt	for_stmt	optional_for_expr	break_stmt	goto_stmt	continue_stmt	return_stmt	label_stmt	switch_stmt	label_stmts	expr	conditional_expr	logical_or_expr	logical_and_expr	equality_expr	relational_expr	shift_expr	additive_expr	multiplicative_expr	term	unary_expr	unary_operator	postfix_expr	primary_expr	CONSTANT	defconst	args	int_type	block_componet	forIniitialer	optional_for_exprs	
0	r2	r2						r2			r2				r2	r2	r2						r2	r2	r2																																												r2	r2	r2	r2	r2	r2	r2	1	2																																																																
1	acc																																																																																																																																												
2	r8	s4						r8			r8				r8	r8	r8						r8	r8	r8																																												r8	r8	r8	r8	r8	r8	r8			5			3																																																												
3	r0							s16			r20				s7	s14	s12						r20	r20	r20																																												s17	r20	r20	r20	r20	r20	r20							18	6				8	11							9	13			10																																				15						
4				s19																																																																											21	20																																																													
5	r1	r1						r1			r1				r1	r1	r1						r1	r1	r1																																												r1	r1	r1	r1	r1	r1	r1																																																																		
6	r10							r10			r10				r10	r10	r10						r10	r10	r10																																												r10	r10	r10	r10	r10	r10	r10																																																																		
7				s19																																																																												22																																																													
8											s30				s24	s31							s33	s27	s26																																													s35	s36	s37	s28	s29	s25																									23					34																																32				
9	r12							r12			r12				r12	r12	r12						r12	r12	r12																																												r12	r12	r12	r12	r12	r12	r12																																																																		
10	r13							r13			r13				r13	r13	r13						r13	r13	r13																																												r13	r13	r13	r13	r13	r13	r13																																																																		
11	r9							r9			r9				r9	r9	r9						r9	r9	r9																																												r9	r9	r9	r9	r9	r9	r9																																																																		
12											s30				s24	s31							s33	s27	s26																																													s35	s36	s37	s28	s29	s25																									38					34																																32				
13	r39							r39			r39				r39	r39	r39						r39	r39	r39																																												r39	r39	r39	r39	r39	r39	r39																																																																		
14				s19																																																																												39																																																													
15	r11							r11			r11				r11	r11	r11						r11	r11	r11																																												r11	r11	r11	r11	r11	r11	r11																																																																		
16											r21				r21	r21							r21	r21	r21																																													r21	r21	r21	r21	r21	r21																																																																		
17											s30				s24	s31							s33	s27	s26																																													s35	s36	s37	s28	s29	s25																									40					34																																32				
18	r7							r7			r7				r7	r7	r7						r7	r7	r7																																												r7	r7	r7	r7	r7	r7	r7																																																																		
19	r6	r6	r6		r6	r6	r6	r6	r6	r6	r6		r6		r6	r6	r6	r6	r6		r6	r6	r6	r6	r6											r6				r6	r6	r6	r6	r6	r6	r6	r6	r6	r6	r6	r6	r6	r6	r6	r6	r6					r6				r6	r6	r6	r6	r6	r6	r6	r6	r6	r6	r6																																																																		
20	r5	r5	r5					r5			r5				r5	r5	r5						r5	r5	r5																																												r5	r5	r5	r5	r5	r5	r5																																																																		
21	r3	r3	s41					r3			r3				r3	r3	r3						r3	r3	r3																																												r3	r3	r3	r3	r3	r3	r3																																																																		
22													s42																																																																																				43																																												
23				s19																																																																												44																																																													
24				s45																																																																																																																																									
25				r160		r160			r160	r160								r160			r160																																																																																																																								
26				r53		r53			r53	r53								r53			r53																																																																																																																								
27																																																																									s28	s29	s25																																																														46				
28				r157		r157			r157	r157								r157			r157																																																				s47																																																																				
29				r159		r159			r159	r159								r159			r159																																																																																																																								
30				r54		r54			r54	r54								r54			r54																																																																																																																								
31				s48																																																																																																																																									
32				r154		r154			r154	r154								r154			r154																																																																																																																								
33																																																																									s28	s29	s25																																																														49				
34				r41		r41			r41	r41								r41			r41																																																																																50																																								
35				r153		r153			r153	r153								r153			r153																																																																																																																								
36				r155		r155			r155	r155								r155			r155																																																																																																																								
37				r156		r156			r156	r156								r156			r156																																																																																																																								
38				s51																																																																																																																																									
39													s42																																																																																				52																																												
40				s53																																																																																																																																									
41				s19																																																																												54																																																													
42											r36			r36	r36	r36							r36	r36	r36																																													r36	r36	r36	r36	r36	r36																							55																																											
43					s56																																																																																																																																								
44					r18	r18	s57		s59																																																																													58																																																							
45				r55		r55			r55	r55								r55			r55																																																																																																																								
46				r52		r52			r52	r52								r52			r52																																																																																																																								
47				r158		r158			r158	r158								r158			r158																																																																																																																								
48				r56		r56			r56	r56								r56			r56																																																																																																																								
49				r51		r51			r51	r51								r51			r51																																																																																																																								
50				r40		r40			s61	r40								s60			s62																																																																																																																								
51					s63																																																																																																																																								
52					s64																																																																																																																																								
53							s65																																																																																																																																						
54	r4	r4	r4					r4			r4				r4	r4	r4						r4	r4	r4																																												r4	r4	r4	r4	r4	r4	r4																																																																		
55											s30			s67	s24	s31							s33	s27	s26																																													s35	s36	s37	s28	s29	s25																									66					34																																32				
56	r33							r33			r33				r33	r33	r33						r33	r33	r33																																												r33	r33	r33	r33	r33	r33	r33																																																																		
57				s79					s92											s85	s80																														s68	s93			s84	s76	s89	s69	s78	s77		s82	s73	s70																																																								71	75	83	72	91	87	90	96	95	86	74	94	81	88	97							
58					r15	r15																																																																														98																																																									
59											s101				s24	s31							s33	s27	s26																																													s35	s36	s37	s28	s29	s25														99	103	102									100					34																																32				
60																			s105	s104																																																																																																																									
61											s109				s24	s31							s33	s27	s26																																													s35	s36	s37	s28	s29	s25																									107		108	106		34																																32				
62				r44		r44			r44	r44								r44			r44																																																																																																																								
63	r38							r38			r38				r38	r38	r38						r38	r38	r38																																												r38	r38	r38	r38	r38	r38	r38																																																																		
64	r34							r34			r34				r34	r34	r34						r34	r34	r34																																												r34	r34	r34	r34	r34	r34	r34																																																																		
65				s79					s92											s85	s80																														s68	s93			s84	s76	s89	s69	s78	s77		s82	s73	s70																																																								110	75	83	72	91	87	90	96	95	86	74	94	81	88	97							
66				s19																																																																												111																																																													
67					r35																																																																																																																																								
68				r125					r125											r125	r125																														r125	r125			r125	r125	r125	r125	r125	r125		r125	r125	r125																																																																													
69				r127					r127											r127	r127																														r127	r127			r127	r127	r127	r127	r127	r127		r127	r127	r127																																																																													
70			r145		r145	r145	r145		r145	r145								r145	r145		r145	r145														r145				r145	r145	r145	r145	r145	r145	r145	r145	r145	r145	r145	r145	r145	r145	r145	r145	r145					r145				r145	r145	r145	r145																																																																									
71					r19	r19																																																																																																																																							
72					r95	r95				r95									r95																	r95				r95	r95	s112																																																																																																			
73			r144		r144	r144	r144		r144	r144								r144	r144		r144	r144														r144				r144	r144	r144	r144	r144	r144	r144	r144	r144	r144	r144	r144	r144	r144	r144	r144	r144					r144				r144	r144	r144	r144																																																																									
74					r117	r117	r117			r117									r117		r117	r117														r117				r117	r117	r117	r117	r117	r117	r117	r117	r117	r117	r117	r117	r117	r117	r117											r117	r117	r117	r117																																																																									
75					r92	r92				r92									r92																	r92																																																																																																									
76				s79					s114											s85	s80																														s68	s93			s84	s76	s89	s69	s78	s77		s82	s73	s70																																																																		113	94	81	88	97							
77				r130					r130											r130	r130																														r130	r130			r130	r130	r130	r130	r130	r130		r130	r130	r130																																																																													
78				r128					r128											r128	r128																														r128	r128			r128	r128	r128	r128	r128	r128		r128	r128	r128																																																																													
79			r139		r139	r139	r139		r139	r139								r139	r139		r139	r139														r139				r139	r139	r139	r139	r139	r139	r139	r139	r139	r139	r139	r139	r139	r139	r139	r139	r139					r139				r139	r139	r139	r139																																																																									
80				r129					r129											r129	r129																														r129	r129			r129	r129	r129	r129	r129	r129		r129	r129	r129																																																																													
81			s119		r119	r119	r119		s118	r119								s117	r119		r119	r119														r119				r119	r119	r119	r119	r119	r119	r119	r119	r119	r119	r119	r119	r119	r119	r119	s115	s116					s120				r119	r119	r119	r119																																																																									
82			r143		r143	r143	r143		r143	r143								r143	r143		r143	r143														r143				r143	r143	r143	r143	r143	r143	r143	r143	r143	r143	r143	r143	r143	r143	r143	r143	r143					r143				r143	r143	r143	r143																																																																									
83					r93	r93				r93									r93																	r93				s122	s121																																																																																																				
84				s79					s114											s85	s80																														s68	s93			s84	s76	s89	s69	s78	s77		s82	s73	s70																																																																		123	94	81	88	97							
85			r142		r142	r142	r142		r142	r142								r142	r142		r142	r142														r142				r142	r142	r142	r142	r142	r142	r142	r142	r142	r142	r142	r142	r142	r142	r142	r142	r142					r142				r142	r142	r142	r142																																																																									
86					r113	r113	s128			r113									r113		r113	s129														r113				r113	r113	r113	r113	r113	r113	r113	r113	r113	r113	r113	r113	r113	r113	r113											s124	s130	s126	s125																																				127																																					
87					r99	r99				r99									r99																	r99				r99	r99	r99	r99	r99	s134	s133	s131	s132																																																																																													
88			r131		r131	r131	r131		r131	r131								r131	r131		r131	r131														r131				r131	r131	r131	r131	r131	r131	r131	r131	r131	r131	r131	r131	r131	r131	r131	r131	r131					r131				r131	r131	r131	r131																																																																									
89				s79					s136											s85	s80																														s68	s93			s84	s76	s89	s69	s78	s77		s82	s73	s70																																																																		135	94	81	88	97							
90					r102	r102				r102									r102																	r102				r102	r102	r102	r102	r102	r102	r102	r102	r102	s137	s138																																																																																											
91					r97	r97				r97									r97																	r97				r97	r97	r97	s139	s140																																																																																																	
92				s79					s92		s30				s24	s31				s85	s80		s33	s27	s26																										s68	s93			s84	s76	s89	s69	s78	s77		s82	s73	s70						s35	s36	s37	s28	s29	s25																									142					34															141	75	83	72	91	87	90	96	95	86	74	94	81	88	97			32				
93				r126					r126											r126	r126																														r126	r126			r126	r126	r126	r126	r126	r126		r126	r126	r126																																																																													
94				s79					s92											s85	s80																														s68	s93			s84	s76	s89	s69	s78	s77		s82	s73	s70																																																																	143	74	94	81	88	97							
95					r110	r110				r110									r110		s145															r110				r110	r110	r110	r110	r110	r110	r110	r110	r110	r110	r110	r110	r110	s144	s146																																																																																							
96					r107	r107				r107									r107																	r107				r107	r107	r107	r107	r107	r107	r107	r107	r107	r107	r107	s147	s148																																																																																									
97			r140		r140	r140	r140		r140	r140								r140	r140		r140	r140														r140				r140	r140	r140	r140	r140	r140	r140	r140	r140	r140	r140	r140	r140	r140	r140	r140	r140					r140				r140	r140	r140	r140																																																																									
98					s149	s150																																																																															151																																																								
99										s152																																																																																																																																			
100				s19																																																																												153																																																													
101				r54					r54	r24								r54			r54																																																																																																																								
102						r26				r26																																																																																																																																			
103						s155				r28																																																																																		154																																																	
104																			s156																																																																																																																										
105				r42		r42			r42	r42								r42			r42																																																																																																																								
106						s158				r28																																																																																		157																																																	
107						r49				r49																																																																																																																																			
108										s159																																																																																																																																			
109						r54			r54	s160								r54			r54																																																																																																																								
110					s161																																																																																																																																								
111					s162																																																																																																																																								
112				s79					s92											s85	s80																														s68	s93			s84	s76	s89	s69	s78	s77		s82	s73	s70																																																												164	87	90	96	95	163	74	94	81	88	97							
113					r121	r121	r121			r121									r121		r121	r121														r121				r121	r121	r121	r121	r121	r121	r121	r121	r121	r121	r121	r121	r121	r121	r121											r121	r121	r121	r121																																																																									
114				s79					s92											s85	s80																														s68	s93			s84	s76	s89	s69	s78	s77		s82	s73	s70																																																								141	75	83	72	91	87	90	96	95	86	74	94	81	88	97							
115			r137		r137	r137	r137		r137	r137								r137	r137		r137	r137														r137				r137	r137	r137	r137	r137	r137	r137	r137	r137	r137	r137	r137	r137	r137	r137	r137	r137					r137				r137	r137	r137	r137																																																																									
116			r138		r138	r138	r138		r138	r138								r138	r138		r138	r138														r138				r138	r138	r138	r138	r138	r138	r138	r138	r138	r138	r138	r138	r138	r138	r138	r138	r138					r138				r138	r138	r138	r138																																																																									
117				s79					s92											s85	s80																														s68	s93			s84	s76	s89	s69	s78	s77		s82	s73	s70																																																								165	75	83	72	91	87	90	96	95	86	74	94	81	88	97							
118				s79					s92	s168										s85	s80																														s68	s93			s84	s76	s89	s69	s78	s77		s82	s73	s70																																																								166	75	83	72	91	87	90	96	95	86	74	94	81	88	97		167					
119				s19																																																																												169																																																													
120				s19																																																																												170																																																													
121				s79					s92											s85	s80																														s68	s93			s84	s76	s89	s69	s78	s77		s82	s73	s70																																																											171	91	87	90	96	95	163	74	94	81	88	97							
122				s79					s92											s85	s80																														s68	s93			s84	s76	s89	s69	s78	s77		s82	s73	s70																																																								172	75	83	72	91	87	90	96	95	86	74	94	81	88	97							
123					r120	r120	r120			r120									r120		r120	r120														r120				r120	r120	r120	r120	r120	r120	r120	r120	r120	r120	r120	r120	r120	r120	r120											r120	r120	r120	r120																																																																									
124				r146					r146											r146	r146																														r146	r146			r146	r146	r146	r146	r146	r146		r146	r146	r146																																																																													
125				r149					r149											r149	r149																														r149	r149			r149	r149	r149	r149	r149	r149		r149	r149	r149																																																																													
126				r148					r148											r148	r148																														r148	r148			r148	r148	r148	r148	r148	r148		r148	r148	r148																																																																													
127				s79					s92											s85	s80																														s68	s93			s84	s76	s89	s69	s78	s77		s82	s73	s70																																																								173	75	83	72	91	87	90	96	95	86	74	94	81	88	97							
128				s79					s92											s85	s80																														s68	s93			s84	s76	s89	s69	s78	s77		s82	s73	s70																																																								174	75	83	72	91	87	90	96	95	86	74	94	81	88	97							
129				r50					r50											r50	r50																														r50	r50			r50	r50	r50	r50	r50	r50		r50	r50	r50																																																																													
130				r147					r147											r147	r147																														r147	r147			r147	r147	r147	r147	r147	r147		r147	r147	r147																																																																													
131				s79					s92											s85	s80																														s68	s93			s84	s76	s89	s69	s78	s77		s82	s73	s70																																																														175	96	95	163	74	94	81	88	97							
132				s79					s92											s85	s80																														s68	s93			s84	s76	s89	s69	s78	s77		s82	s73	s70																																																														176	96	95	163	74	94	81	88	97							
133				s79					s92											s85	s80																														s68	s93			s84	s76	s89	s69	s78	s77		s82	s73	s70																																																														177	96	95	163	74	94	81	88	97							
134				s79					s92											s85	s80																														s68	s93			s84	s76	s89	s69	s78	s77		s82	s73	s70																																																														178	96	95	163	74	94	81	88	97							
135					r123	r123	r123			r123									r123		r123	r123														r123				r123	r123	r123	r123	r123	r123	r123	r123	r123	r123	r123	r123	r123	r123	r123											r123	r123	r123	r123																																																																									
136				s79					s92		s30				s24	s31				s85	s80		s33	s27	s26																										s68	s93			s84	s76	s89	s69	s78	s77		s82	s73	s70						s35	s36	s37	s28	s29	s25																									179					34															141	75	83	72	91	87	90	96	95	86	74	94	81	88	97			32				
137				s79					s92											s85	s80																														s68	s93			s84	s76	s89	s69	s78	s77		s82	s73	s70																																																															180	95	163	74	94	81	88	97							
138				s79					s92											s85	s80																														s68	s93			s84	s76	s89	s69	s78	s77		s82	s73	s70																																																															181	95	163	74	94	81	88	97							
139				s79					s92											s85	s80																														s68	s93			s84	s76	s89	s69	s78	s77		s82	s73	s70																																																													182	90	96	95	163	74	94	81	88	97							
140				s79					s92											s85	s80																														s68	s93			s84	s76	s89	s69	s78	s77		s82	s73	s70																																																													183	90	96	95	163	74	94	81	88	97							
141										s184																																																																																																																																			
142										s185																																																																																																																																			
143					r122	r122	r122			r122									r122		r122	r122														r122				r122	r122	r122	r122	r122	r122	r122	r122	r122	r122	r122	r122	r122	r122	r122											r122	r122	r122	r122																																																																									
144				s79					s92											s85	s80																														s68	s93			s84	s76	s89	s69	s78	s77		s82	s73	s70																																																																	186	74	94	81	88	97							
145				s79					s92											s85	s80																														s68	s93			s84	s76	s89	s69	s78	s77		s82	s73	s70																																																																	187	74	94	81	88	97							
146				s79					s92											s85	s80																														s68	s93			s84	s76	s89	s69	s78	s77		s82	s73	s70																																																																	188	74	94	81	88	97							
147				s79					s92											s85	s80																														s68	s93			s84	s76	s89	s69	s78	s77		s82	s73	s70																																																																189	163	74	94	81	88	97							
148				s79					s92											s85	s80																														s68	s93			s84	s76	s89	s69	s78	s77		s82	s73	s70																																																																190	163	74	94	81	88	97							
149	r14			r14	r14			r14	r14		r14		r14	r14	r14	r14	r14			r14	r14		r14	r14	r14	r14		r14	r14		r14	r14	r14	r14	r14		r14	r14	r14												r14	r14			r14	r14	r14	r14	r14	r14		r14	r14	r14					r14	r14	r14	r14	r14	r14	r14																																																																		
150				s19																																																																												191																																																													
151					r16	r16																																																																																																																																							
152													s193																																																																																192																																																
153						r27				r27																																																																																																																																			
154										r23																																																																																																																																			
155											s30	s194			s24	s31							s33	s27	s26																																													s35	s36	s37	s28	s29	s25																195									100					34																																32				
156				r43		r43			r43	r43								r43			r43																																																																																																																								
157										r47																																																																																																																																			
158											s30	s194			s24	s31							s33	s27	s26																																													s35	s36	s37	s28	s29	s25																									196					34																																32				
159				r45		r45			r45	r45								r45			r45																																																																																																																								
160				r46		r46			r46	r46								r46			r46																																																																																																																								
161	r150							r150			r150				r150	r150	r150						r150	r150	r150																																												r150	r150	r150	r150	r150	r150	r150																																																																		
162											r37			r37	r37	r37							r37	r37	r37																																													r37	r37	r37	r37	r37	r37																																																																		
163					r113	r113				r113									r113		r113															r113				r113	r113	r113	r113	r113	r113	r113	r113	r113	r113	r113	r113	r113	r113	r113																																																																																							
164					r98	r98				r98									r98																	r98				r98	r98	r98	s139	s140																																																																																																	
165																			s197																																																																																																																										
166						r151				r151																																																																																																																																			
167						s198				s199																																																																																																																																			
168			r133		r133	r133	r133		r133	r133								r133	r133		r133	r133														r133				r133	r133	r133	r133	r133	r133	r133	r133	r133	r133	r133	r133	r133	r133	r133	r133	r133					r133				r133	r133	r133	r133																																																																									
169			r135		r135	r135	r135		r135	r135								r135	r135		r135	r135														r135				r135	r135	r135	r135	r135	r135	r135	r135	r135	r135	r135	r135	r135	r135	r135	r135	r135					r135				r135	r135	r135	r135																																																																									
170			r136		r136	r136	r136		r136	r136								r136	r136		r136	r136														r136				r136	r136	r136	r136	r136	r136	r136	r136	r136	r136	r136	r136	r136	r136	r136	r136	r136					r136				r136	r136	r136	r136																																																																									
171					r96	r96				r96									r96																	r96				r96	r96	s112																																																																																																			
172																																				s200																																																																																																									
173					r91	r91				r91									r91																	r91																																																																																																									
174					r90	r90				r90									r90																	r90																																																																																																									
175					r105	r105				r105									r105																	r105				r105	r105	r105	r105	r105	r105	r105	r105	r105	s137	s138																																																																																											
176					r106	r106				r106									r106																	r106				r106	r106	r106	r106	r106	r106	r106	r106	r106	s137	s138																																																																																											
177					r104	r104				r104									r104																	r104				r104	r104	r104	r104	r104	r104	r104	r104	r104	s137	s138																																																																																											
178					r103	r103				r103									r103																	r103				r103	r103	r103	r103	r103	r103	r103	r103	r103	s137	s138																																																																																											
179										s201																																																																																																																																			
180					r108	r108				r108									r108																	r108				r108	r108	r108	r108	r108	r108	r108	r108	r108	r108	r108	s147	s148																																																																																									
181					r109	r109				r109									r109																	r109				r109	r109	r109	r109	r109	r109	r109	r109	r109	r109	r109	s147	s148																																																																																									
182					r100	r100				r100									r100																	r100				r100	r100	r100	r100	r100	s134	s133	s131	s132																																																																																													
183					r101	r101				r101									r101																	r101				r101	r101	r101	r101	r101	s134	s133	s131	s132																																																																																													
184			r141		r141	r141	r141		r141	r141								r141	r141		r141	r141														r141				r141	r141	r141	r141	r141	r141	r141	r141	r141	r141	r141	r141	r141	r141	r141	r141	r141					r141				r141	r141	r141	r141																																																																									
185				s79					s114											s85	s80																														s68	s93			s84	s76	s89	s69	s78	s77		s82	s73	s70																																																																		202	94	81	88	97							
186					r115	r115				r115									r115		r115															r115				r115	r115	r115	r115	r115	r115	r115	r115	r115	r115	r115	r115	r115	r115	r115																																																																																							
187					r114	r114				r114									r114		r114															r114				r114	r114	r114	r114	r114	r114	r114	r114	r114	r114	r114	r114	r114	r114	r114																																																																																							
188					r116	r116				r116									r116		r116															r116				r116	r116	r116	r116	r116	r116	r116	r116	r116	r116	r116	r116	r116	r116	r116																																																																																							
189					r111	r111				r111									r111		s145															r111				r111	r111	r111	r111	r111	r111	r111	r111	r111	r111	r111	r111	r111	s144	s146																																																																																							
190					r112	r112				r112									r112		s145															r112				r112	r112	r112	r112	r112	r112	r112	r112	r112	r112	r112	r112	r112	s144	s146																																																																																							
191					r18	r18	s57																																																																															203																																																							
192	r22							r22			r22				r22	r22	r22						r22	r22	r22																																												r22	r22	r22	r22	r22	r22	r22																																																																		
193				r31	r31			r31	r31		r31		r31	r31	r31	r31				r31	r31		r31	r31	r31	r31		r31	r31		r31	r31	r31	r31	r31		r31	r31	r31												r31	r31			r31	r31	r31	r31	r31	r31		r31	r31	r31						r31	r31	r31	r31	r31	r31																			204																																															
194										r29																																																																																																																																			
195						r25				r25																																																																																																																																			
196						r48				r48																																																																																																																																			
197			r132		r132	r132	r132		r132	r132								r132	r132		r132	r132														r132				r132	r132	r132	r132	r132	r132	r132	r132	r132	r132	r132	r132	r132	r132	r132	r132	r132					r132				r132	r132	r132	r132																																																																									
198				s79					s92											s85	s80																														s68	s93			s84	s76	s89	s69	s78	s77		s82	s73	s70																																																								205	75	83	72	91	87	90	96	95	86	74	94	81	88	97							
199			r134		r134	r134	r134		r134	r134								r134	r134		r134	r134														r134				r134	r134	r134	r134	r134	r134	r134	r134	r134	r134	r134	r134	r134	r134	r134	r134	r134					r134				r134	r134	r134	r134																																																																									
200				s79					s92											s85	s80																														s68	s93			s84	s76	s89	s69	s78	s77		s82	s73	s70																																																									206	83	72	91	87	90	96	95	163	74	94	81	88	97							
201					r124	r124	r124			r124									r124		r124	r124														r124				r124	r124	r124	r124	r124	r124	r124	r124	r124	r124	r124	r124	r124	r124	r124											r124	r124	r124	r124																																																																									
202					r118	r118	r118			r118									r118		r118	r118														r118				r118	r118	r118	r118	r118	r118	r118	r118	r118	r118	r118	r118	r118	r118	r118											r118	r118	r118	r118																																																																									
203					r17	r17																																																																																																																																							
204				s226	s223			s16	s92		r20		s193	s230	r20	r20				s85	s80		r20	r20	r20	s218		s214	s229		s213	s215	s227	s228	s220		s224	s212	s219												s68	s93			s84	s76	s89	s69	s78	s77		s82	s73	s70						r20	r20	r20	r20	r20	r20								210				211						236														233	208	221	209	225		235	234	217	222	216	231		207	75	83	72	91	87	90	96	95	86	74	94	81	88	97				232			
205						r152				r152																																																																																																																																			
206					r94	r94				r94									r94																	r94																																																																																																									
207					s237																																																																																																																																								
208				r63	r63			r63	r63		r63		r63	r63	r63	r63				r63	r63		r63	r63	r63	r63	r63	r63	r63	r63	r63	r63	r63	r63	r63		r63	r63	r63												r63	r63			r63	r63	r63	r63	r63	r63		r63	r63	r63						r63	r63	r63	r63	r63	r63																																																																		
209				r65	r65			r65	r65		r65		r65	r65	r65	r65				r65	r65		r65	r65	r65	r65	r65	r65	r65	r65	r65	r65	r65	r65	r65		r65	r65	r65												r65	r65			r65	r65	r65	r65	r65	r65		r65	r65	r65						r65	r65	r65	r65	r65	r65																																																																		
210				r161	r161			r161	r161		r161		r161	r161	r161	r161				r161	r161		r161	r161	r161	r161		r161	r161		r161	r161	r161	r161	r161		r161	r161	r161												r161	r161			r161	r161	r161	r161	r161	r161		r161	r161	r161						r161	r161	r161	r161	r161	r161																																																																		
211											s30				s24	s31							s33	s27	s26																																													s35	s36	s37	s28	s29	s25																									238					34																																32				
212																																				s239																																																																																																									
213									s240																																																																																																																																				
214									s241																																																																																																																																				
215					s242																																																																																																																																								
216				r61	r61			r61	r61		r61		r61	r61	r61	r61				r61	r61		r61	r61	r61	r61	r61	r61	r61	r61	r61	r61	r61	r61	r61		r61	r61	r61												r61	r61			r61	r61	r61	r61	r61	r61		r61	r61	r61						r61	r61	r61	r61	r61	r61																																																																		
217				r70	r70			r70	r70		r70		r70	r70	r70	r70				r70	r70		r70	r70	r70	r70	r70	r70	r70	r70	r70	r70	r70	r70	r70		r70	r70	r70												r70	r70			r70	r70	r70	r70	r70	r70		r70	r70	r70						r70	r70	r70	r70	r70	r70																																																																		
218									s243																																																																																																																																				
219									s244																																																																																																																																				
220				s79	s246				s92											s85	s80																														s68	s93			s84	s76	s89	s69	s78	s77		s82	s73	s70																																																								245	75	83	72	91	87	90	96	95	86	74	94	81	88	97							
221				r64	r64			r64	r64		r64		r64	r64	r64	r64				r64	r64		r64	r64	r64	r64	r64	r64	r64	r64	r64	r64	r64	r64	r64		r64	r64	r64												r64	r64			r64	r64	r64	r64	r64	r64		r64	r64	r64						r64	r64	r64	r64	r64	r64																																																																		
222				r71	r71			r71	r71		r71		r71	r71	r71	r71				r71	r71		r71	r71	r71	r71	r71	r71	r71	r71	r71	r71	r71	r71	r71		r71	r71	r71												r71	r71			r71	r71	r71	r71	r71	r71		r71	r71	r71						r71	r71	r71	r71	r71	r71																																																																		
223				r59	r59			r59	r59		r59		r59	r59	r59	r59				r59	r59		r59	r59	r59	r59	r59	r59	r59	r59	r59	r59	r59	r59	r59		r59	r59	r59												r59	r59			r59	r59	r59	r59	r59	r59		r59	r59	r59						r59	r59	r59	r59	r59	r59																																																																		
224																				s247																																																																																																																									
225				r66	r66			r66	r66		r66		r66	r66	r66	r66				r66	r66		r66	r66	r66	r66	r66	r66	r66	r66	r66	r66	r66	r66	r66		r66	r66	r66												r66	r66			r66	r66	r66	r66	r66	r66		r66	r66	r66						r66	r66	r66	r66	r66	r66																																																																		
226			r139		r139		r139		r139									r139			r139	r139														s248				r139	r139	r139	r139	r139	r139	r139	r139	r139	r139	r139	r139	r139	r139	r139	r139	r139					r139				r139	r139	r139	r139																																																																									
227				s249																																																																																																																																									
228					s250																																																																																																																																								
229				s226	s223				s92				s193							s85	s80					s218		s214	s229		s213	s215	s227	s228	s220		s224	s212	s219												s68	s93			s84	s76	s89	s69	s78	s77		s82	s73	s70																													236														251	208	221	209	225		235	234	217	222	216	231		207	75	83	72	91	87	90	96	95	86	74	94	81	88	97							
230	r30			r30	r30			r30	r30		r30		r30	r30	r30	r30	r30			r30	r30		r30	r30	r30	r30	r30	r30	r30	r30	r30	r30	r30	r30	r30		r30	r30	r30												r30	r30			r30	r30	r30	r30	r30	r30		r30	r30	r30					r30	r30	r30	r30	r30	r30	r30																																																																		
231				r67	r67			r67	r67		r67		r67	r67	r67	r67				r67	r67		r67	r67	r67	r67	r67	r67	r67	r67	r67	r67	r67	r67	r67		r67	r67	r67												r67	r67			r67	r67	r67	r67	r67	r67		r67	r67	r67						r67	r67	r67	r67	r67	r67																																																																		
232				r32	r32			r32	r32		r32		r32	r32	r32	r32				r32	r32		r32	r32	r32	r32		r32	r32		r32	r32	r32	r32	r32		r32	r32	r32												r32	r32			r32	r32	r32	r32	r32	r32		r32	r32	r32						r32	r32	r32	r32	r32	r32																																																																		
233				r162	r162			r162	r162		r162		r162	r162	r162	r162				r162	r162		r162	r162	r162	r162		r162	r162		r162	r162	r162	r162	r162		r162	r162	r162												r162	r162			r162	r162	r162	r162	r162	r162		r162	r162	r162						r162	r162	r162	r162	r162	r162																																																																		
234				r68	r68			r68	r68		r68		r68	r68	r68	r68				r68	r68		r68	r68	r68	r68	r68	r68	r68	r68	r68	r68	r68	r68	r68		r68	r68	r68												r68	r68			r68	r68	r68	r68	r68	r68		r68	r68	r68						r68	r68	r68	r68	r68	r68																																																																		
235				r69	r69			r69	r69		r69		r69	r69	r69	r69				r69	r69		r69	r69	r69	r69	r69	r69	r69	r69	r69	r69	r69	r69	r69		r69	r69	r69												r69	r69			r69	r69	r69	r69	r69	r69		r69	r69	r69						r69	r69	r69	r69	r69	r69																																																																		
236				r60	r60			r60	r60		r60		r60	r60	r60	r60				r60	r60		r60	r60	r60	r60	r60	r60	r60	r60	r60	r60	r60	r60	r60		r60	r60	r60												r60	r60			r60	r60	r60	r60	r60	r60		r60	r60	r60						r60	r60	r60	r60	r60	r60																																																																		
237				r62	r62			r62	r62		r62		r62	r62	r62	r62				r62	r62		r62	r62	r62	r62	r62	r62	r62	r62	r62	r62	r62	r62	r62		r62	r62	r62												r62	r62			r62	r62	r62	r62	r62	r62		r62	r62	r62						r62	r62	r62	r62	r62	r62																																																																		
238				s19																																																																												252																																																													
239				r86	r86			r86	r86		r86		r86	r86	r86	r86				r86	r86		r86	r86	r86	r86	r86	r86	r86	r86	r86	r86	r86	r86	r86		r86	r86	r86												r86	r86			r86	r86	r86	r86	r86	r86		r86	r86	r86						r86	r86	r86	r86	r86	r86																																																																		
240				s79	r77	r77		s16	s92		r20				r20	r20				s85	s80		r20	r20	r20																										s68	s93			s84	s76	s89	s69	s78	s77		s82	s73	s70						r20	r20	r20	r20	r20	r20								256				211																									253								254	75	83	72	91	87	90	96	95	86	74	94	81	88	97					257	255	
241				s79					s92											s85	s80																														s68	s93			s84	s76	s89	s69	s78	s77		s82	s73	s70																																																								258	75	83	72	91	87	90	96	95	86	74	94	81	88	97							
242				r79	r79			r79	r79		r79		r79	r79	r79	r79				r79	r79		r79	r79	r79	r79	r79	r79	r79	r79	r79	r79	r79	r79	r79		r79	r79	r79												r79	r79			r79	r79	r79	r79	r79	r79		r79	r79	r79						r79	r79	r79	r79	r79	r79																																																																		
243				s79					s92											s85	s80																														s68	s93			s84	s76	s89	s69	s78	s77		s82	s73	s70																																																								259	75	83	72	91	87	90	96	95	86	74	94	81	88	97							
244				s79					s92											s85	s80																														s68	s93			s84	s76	s89	s69	s78	s77		s82	s73	s70																																																								260	75	83	72	91	87	90	96	95	86	74	94	81	88	97							
245					s261																																																																																																																																								
246				r82	r82			r82	r82		r82		r82	r82	r82	r82				r82	r82		r82	r82	r82	r82	r82	r82	r82	r82	r82	r82	r82	r82	r82		r82	r82	r82												r82	r82			r82	r82	r82	r82	r82	r82		r82	r82	r82						r82	r82	r82	r82	r82	r82																																																																		
247																																				s262																																																																																																									
248				s226	s223				s92				s193							s85	s80					s218		s214	s229		s213	s215	s227	s228	s220		s224	s212	s219												s68	s93			s84	s76	s89	s69	s78	s77		s82	s73	s70																													236														263	208	221	209	225		235	234	217	222	216	231		207	75	83	72	91	87	90	96	95	86	74	94	81	88	97							
249					s264																																																																																																																																								
250				r81	r81			r81	r81		r81		r81	r81	r81	r81				r81	r81		r81	r81	r81	r81	r81	r81	r81	r81	r81	r81	r81	r81	r81		r81	r81	r81												r81	r81			r81	r81	r81	r81	r81	r81		r81	r81	r81						r81	r81	r81	r81	r81	r81																																																																		
251																														s265																																																																																																															
252					r18	r18	s57																																																																															58																																																							
253					r165	r165				r165																																																																																																																																			
254					r78	r78				r78																																																																																																																																			
255					s266	s267																																																																																																																																							
256				r163	r163				r163											r163	r163																														r163	r163			r163	r163	r163	r163	r163	r163		r163	r163	r163																																																																													
257				s79	r77				s92											s85	s80																														s68	s93			s84	s76	s89	s69	s78	s77		s82	s73	s70																																																268								254	75	83	72	91	87	90	96	95	86	74	94	81	88	97							
258										s269																																																																																																																																			
259										s270																																																																																																																																			
260										s271																																																																																																																																			
261				r83	r83			r83	r83		r83		r83	r83	r83	r83				r83	r83		r83	r83	r83	r83	r83	r83	r83	r83	r83	r83	r83	r83	r83		r83	r83	r83												r83	r83			r83	r83	r83	r83	r83	r83		r83	r83	r83						r83	r83	r83	r83	r83	r83																																																																		
262				s226	s223				s92				s193							s85	s80					s218		s214	s229		s213	s215	s227	s228	s220		s224	s212	s219												s68	s93			s84	s76	s89	s69	s78	s77		s82	s73	s70																													236														272	208	221	209	225		235	234	217	222	216	231		207	75	83	72	91	87	90	96	95	86	74	94	81	88	97							
263				r84	r84			r84	r84		r84		r84	r84	r84	r84				r84	r84		r84	r84	r84	r84	r84	r84	r84	r84	r84	r84	r84	r84	r84		r84	r84	r84												r84	r84			r84	r84	r84	r84	r84	r84		r84	r84	r84						r84	r84	r84	r84	r84	r84																																																																		
264				r80	r80			r80	r80		r80		r80	r80	r80	r80				r80	r80		r80	r80	r80	r80	r80	r80	r80	r80	r80	r80	r80	r80	r80		r80	r80	r80												r80	r80			r80	r80	r80	r80	r80	r80		r80	r80	r80						r80	r80	r80	r80	r80	r80																																																																		
265									s273																																																																																																																																				
266				r164	r164				r164											r164	r164																														r164	r164			r164	r164	r164	r164	r164	r164		r164	r164	r164																																																																													
267				s79	r77	r77			s92	r77										s85	s80																														s68	s93			s84	s76	s89	s69	s78	s77		s82	s73	s70																																																274								254	75	83	72	91	87	90	96	95	86	74	94	81	88	97							
268					s275																																																																																																																																								
269				s226	s223				s92				s193							s85	s80					s218		s214	s229		s213	s215	s227	s228	s220		s224	s212	s219												s68	s93			s84	s76	s89	s69	s78	s77		s82	s73	s70																													236														276	208	221	209	225		235	234	217	222	216	231		207	75	83	72	91	87	90	96	95	86	74	94	81	88	97							
270				s226	s223				s92				s193							s85	s80					s218		s214	s229		s213	s215	s227	s228	s220		s224	s212	s219												s68	s93			s84	s76	s89	s69	s78	s77		s82	s73	s70																													236														277	208	221	209	225		235	234	217	222	216	231		207	75	83	72	91	87	90	96	95	86	74	94	81	88	97							
271													s278																																																																																																																																
272				r85	r85			r85	r85		r85		r85	r85	r85	r85				r85	r85		r85	r85	r85	r85	r85	r85	r85	r85	r85	r85	r85	r85	r85		r85	r85	r85												r85	r85			r85	r85	r85	r85	r85	r85		r85	r85	r85						r85	r85	r85	r85	r85	r85																																																																		
273				s79					s92											s85	s80																														s68	s93			s84	s76	s89	s69	s78	s77		s82	s73	s70																																																								279	75	83	72	91	87	90	96	95	86	74	94	81	88	97							
274					r166	r166				r166																																																																																																																																			
275				s79		r77			s92	r77										s85	s80																														s68	s93			s84	s76	s89	s69	s78	s77		s82	s73	s70																																																253								254	75	83	72	91	87	90	96	95	86	74	94	81	88	97						280	
276				r74	r74			r74	r74		r74		r74	r74	r74	r74				r74	r74		r74	r74	r74	r74	r74	r74	r74	r74	r74	r74	r74	r74	r74		r74	r74	r74												r74	r74			r74	r74	r74	r74	r74	r74		r74	r74	r74						r74	r74	r74	r74	r74	r74																																																																		
277				r72	r72			r72	r72		r72		r72	r72	r72	r72				r72	r72		r72	r72	r72	r72	s281	r72	r72	r72	r72	r72	r72	r72	r72		r72	r72	r72												r72	r72			r72	r72	r72	r72	r72	r72		r72	r72	r72						r72	r72	r72	r72	r72	r72																																																																		
278				s284																																	s224	s212																																																																															283		282																						
279										s285																																																																																																																																			
280						s267				s286																																																																																																																																			
281				s226	s223				s92				s193							s85	s80					s218		s214	s229		s213	s215	s227	s228	s220		s224	s212	s219												s68	s93			s84	s76	s89	s69	s78	s77		s82	s73	s70																													236														287	208	221	209	225		235	234	217	222	216	231		207	75	83	72	91	87	90	96	95	86	74	94	81	88	97							
282				s284										s289																							s224	s212																																																																															288																								
283				r89										r89																							r89	r89																																																																																																							
284																																				s248																																																																																																									
285					s290																																																																																																																																								
286				s226	s223				s92				s193							s85	s80					s218		s214	s229		s213	s215	s227	s228	s220		s224	s212	s219												s68	s93			s84	s76	s89	s69	s78	s77		s82	s73	s70																													236														291	208	221	209	225		235	234	217	222	216	231		207	75	83	72	91	87	90	96	95	86	74	94	81	88	97							
287				r73	r73			r73	r73		r73		r73	r73	r73	r73				r73	r73		r73	r73	r73	r73	r73	r73	r73	r73	r73	r73	r73	r73	r73		r73	r73	r73												r73	r73			r73	r73	r73	r73	r73	r73		r73	r73	r73						r73	r73	r73	r73	r73	r73																																																																		
288				r88										r88																							r88	r88																																																																																																							
289				r87	r87			r87	r87		r87		r87	r87	r87	r87				r87	r87		r87	r87	r87	r87	r87	r87	r87	r87	r87	r87	r87	r87	r87		r87	r87	r87												r87	r87			r87	r87	r87	r87	r87	r87		r87	r87	r87						r87	r87	r87	r87	r87	r87																																																																		
290				r75	r75			r75	r75		r75		r75	r75	r75	r75				r75	r75		r75	r75	r75	r75	r75	r75	r75	r75	r75	r75	r75	r75	r75		r75	r75	r75												r75	r75			r75	r75	r75	r75	r75	r75		r75	r75	r75						r75	r75	r75	r75	r75	r75																																																																		
291				r76	r76			r76	r76		r76		r76	r76	r76	r76				r76	r76		r76	r76	r76	r76	r76	r76	r76	r76	r76	r76	r76	r76	r76		r76	r76	r76												r76	r76			r76	r76	r76	r76	r76	r76		r76	r76	r76						r76	r76	r76	r76	r76	r76																																																																		
